{"stats":{"minecraft:killed_by":{"minecraft:player":1,"minecraft:skeleton":1,"minecraft:pillager":1},"minecraft:crafted":{"minecraft:smooth_stone":5,"minecraft:oak_planks":36,"minecraft:stone_shovel":1,"minecraft:cooked_porkchop":3,"minecraft:crafting_table":2,"minecraft:wooden_pickaxe":1,"tconstruct:sky_slime":6,"minecraft:furnace":2,"arclight:moon_planks":44,"minecraft:stone":5,"minecraft:stone_axe":1,"minecraft:cooked_mutton":8,"minecraft:air":0,"minecraft:stick":8,"minecraft:stone_pickaxe":1,"minecraft:white_bed":1},"minecraft:mined":{"minecraft:white_bed":1,"tconstruct:sky_slime_tall_grass":1,"delchoco:gysahl_green":17,"minecraft:mossy_stone_brick_slab":1,"minecraft:stone_brick_slab":4,"minecraft:crafting_table":3,"minecraft:grass_block":21,"minecraft:poppy":2,"minecraft:tall_grass":15,"arclight:moon_log":11,"minecraft:furnace":2,"tconstruct:earth_slime_dirt":70,"minecraft:stone_brick_stairs":1,"minecraft:mossy_stone_brick_stairs":1,"minecraft:grass":25,"minecraft:coal_ore":45,"minecraft:oak_log":6,"vampirism:fire_place":1,"minecraft:dirt":8,"minecraft:stone":48,"tconstruct:sky_slime_dirt":9,"minecraft:oak_leaves":1,"tconstruct:sky_congealed_slime":33,"arclight:moon_leaves":2},"minecraft:broken":{"minecraft:stone_shovel":1},"minecraft:killed":{"minecraft:pig":2,"minecraft:sheep":13,"minecraft:pillager":1,"minecraft:cow":11},"minecraft:used":{"vampirism:fire_place":1,"minecraft:stone_shovel":131,"minecraft:stone_pickaxe":93,"minecraft:oak_planks":17,"minecraft:wooden_pickaxe":20,"minecraft:dirt":57,"minecraft:crafting_table":4,"minecraft:white_bed":1,"arclight:moon_planks":42,"minecraft:stone_axe":18,"epicsamurai:katana":30,"minecraft:cobblestone":18,"delchoco:gysahl_green":16,"delchoco:gysahl_green_seeds":18,"minecraft:furnace":2,"minecraft:cooked_porkchop":2,"delightful:acorn":1},"minecraft:custom":{"minecraft:interact_with_furnace":11,"minecraft:mob_kills":28,"tombstone:raider_killed":1,"minecraft:interact_with_crafting_table":10,"minecraft:open_barrel":6,"minecraft:damage_dealt_resisted":29,"minecraft:sleep_in_bed":1,"minecraft:leave_game":1,"minecraft:time_since_death":36322,"minecraft:time_since_rest":268,"minecraft:sprint_one_cm":174713,"minecraft:damage_taken":1044,"minecraft:walk_one_cm":122953,"minecraft:drop":11,"minecraft:damage_dealt":3270,"minecraft:damage_dealt_absorbed":32,"minecraft:swim_one_cm":10119,"minecraft:fly_one_cm":514403,"minecraft:player_kills":2,"minecraft:open_chest":3,"minecraft:crouch_one_cm":10186,"minecraft:play_time":43029,"minecraft:deaths":3,"minecraft:sneak_time":2316,"minecraft:walk_under_water_one_cm":1058,"tombstone:tomb_raiding":2,"minecraft:jump":1263,"minecraft:walk_on_water_one_cm":6886,"minecraft:total_world_time":43029,"minecraft:fall_one_cm":31805},"minecraft:dropped":{"occultism:datura_seeds":1,"hexerei:animal_fat":1,"tconstruct:sky_slime":6,"tconstruct:earth_slime_dirt":6,"minecraft:cobblestone":2,"simplehats:rainboworbiters":1,"minecraft:stick":1,"minecraft:oak_sapling":3,"minecraft:wooden_pickaxe":1,"tconstruct:sky_slime_ball":78},"minecraft:picked_up":{"occultism:datura_seeds":1,"delchoco:gysahl_green_seeds":20,"minecraft:crafting_table":3,"minecraft:leather":15,"minecraft:wooden_pickaxe":1,"minecraft:oak_log":6,"minecraft:dirt":57,"tconstruct:earth_slime_dirt":70,"minecraft:wheat_seeds":2,"delightful:acorn":1,"minecraft:beef":21,"tconstruct:sky_slime":6,"minecraft:poppy":2,"delchoco:yellow_chocobo_spawn_egg":1,"arclight:moon_log":11,"minecraft:furnace":2,"hexerei:animal_fat":6,"minecraft:stick":1,"delchoco:gysahl_green":54,"epicsamurai:katana":1,"delchoco:chocobo_feather":6,"vampirism:fire_place":1,"delchoco:lovely_gysahl_green":1,"minecraft:porkchop":3,"tconstruct:sky_slime_dirt":9,"simplehats:rainboworbiters":1,"minecraft:white_bed":1,"hexerei:sage_seed":3,"tconstruct:sky_slime_ball":210,"waystones:waystone":1,"delchoco:chocobo_drumstick_raw":2,"minecraft:oak_sapling":3,"minecraft:mutton":15,"minecraft:coal":48,"minecraft:white_wool":13,"minecraft:cobblestone":48}},"DataVersion":3120}