{"stats":{"minecraft:broken":{"spartanweaponry:iron_katana":1},"minecraft:custom":{"minecraft:interact_with_furnace":7,"minecraft:mob_kills":26,"minecraft:interact_with_crafting_table":8,"minecraft:open_barrel":16,"minecraft:damage_dealt_resisted":0,"minecraft:leave_game":3,"minecraft:time_since_death":1309,"minecraft:time_since_rest":942,"minecraft:sprint_one_cm":227731,"minecraft:damage_taken":1913,"minecraft:walk_one_cm":232001,"minecraft:trigger_trapped_chest":1,"minecraft:drop":24,"minecraft:damage_dealt":3772,"minecraft:damage_dealt_absorbed":100,"minecraft:swim_one_cm":53653,"minecraft:talked_to_villager":1,"minecraft:fly_one_cm":358938,"minecraft:open_chest":1,"minecraft:play_time":60718,"minecraft:crouch_one_cm":12862,"tombstone:undead_killed":11,"minecraft:deaths":3,"minecraft:sneak_time":1812,"minecraft:walk_under_water_one_cm":6353,"minecraft:jump":1011,"minecraft:walk_on_water_one_cm":12387,"minecraft:total_world_time":60718,"minecraft:fish_caught":4,"minecraft:fall_one_cm":22503,"minecraft:horse_one_cm":12830},"minecraft:used":{"epicfight:skillbook":1,"epicsamurai:straw_hat":1,"minecraft:stone_pickaxe":25,"minecraft:spruce_planks":9,"minecraft:wooden_pickaxe":18,"minecraft:dirt":5,"minecraft:crafting_table":3,"minecraft:carrot":1,"spartanweaponry:iron_katana":15,"delchoco:chocobo_drumstick_cooked":1,"vampirism:item_tent":1,"minecraft:bread":6,"minecraft:fishing_rod":9,"minecraft:stone_axe":51,"minecraft:bow":5,"minecraft:cobblestone":13,"delchoco:gysahl_green":9,"minecraft:furnace":2,"minecraft:cooked_cod":17,"minecraft:porkchop":1},"minecraft:crafted":{"minecraft:cooked_cod":24,"minecraft:spruce_planks":20,"minecraft:wooden_pickaxe":1,"epicsamurai:straw_hat":1,"minecraft:furnace":1,"minecraft:stone_axe":1,"minecraft:bread":101,"minecraft:air":0,"minecraft:stick":8,"minecraft:stone_pickaxe":1,"delchoco:chocobo_drumstick_cooked":2,"minecraft:wheat":306},"minecraft:killed_by":{"iceandfire:stymphalian_bird":3},"minecraft:mined":{"minecraft:podzol":3,"delchoco:gysahl_green":3,"vampirism:tent_main":1,"minecraft:powder_snow":30,"minecraft:oak_fence":1,"minecraft:crafting_table":3,"minecraft:tall_grass":1,"biomesoplenty:sprout":2,"botania:light_gray_double_flower":1,"minecraft:kelp":1,"minecraft:hay_block":34,"minecraft:oak_trapdoor":1,"minecraft:furnace":2,"minecraft:barrel":3,"minecraft:spruce_log":5,"minecraft:tnt":2,"vampirism:tent":1,"minecraft:grass":5,"minecraft:bookshelf":1,"minecraft:coal_ore":6,"minecraft:gravel":12,"minecraft:dirt":4,"minecraft:stone":33,"minecraft:fern":2},"minecraft:picked_up":{"delchoco:gysahl_green_seeds":5,"minecraft:crafting_table":3,"iceandfire:sea_serpent_fang":1,"vampirism:item_tent":2,"simplehats:hatbag_rare":1,"minecraft:salmon":2,"minecraft:leather":8,"minecraft:string":1,"minecraft:oak_trapdoor":1,"minecraft:dirt":7,"spartanweaponry:iron_katana":1,"simplehats:hatbag_epic":1,"minecraft:bone":12,"botania:light_gray_double_flower":1,"minecraft:kelp":1,"minecraft:bow":1,"minecraft:wheat_seeds":2,"minecraft:iron_ingot":1,"delchoco:yellow_chocobo_spawn_egg":1,"minecraft:furnace":2,"minecraft:stick":1,"delchoco:gysahl_green":9,"iceandfire:copper_nugget":5,"delchoco:chocobo_feather":9,"simplehats:floweronhead":1,"simplehats:hatbag_common":1,"minecraft:copper_ingot":3,"minecraft:oak_fence":1,"minecraft:gravel":10,"epicfight:skillbook":1,"minecraft:porkchop":3,"iceandfire:stymphalian_bird_feather":4,"tombstone:grave_dust":5,"minecraft:spruce_log":5,"minecraft:barrel":3,"simplehats:halo":1,"hexerei:sage_seed":4,"minecraft:tnt":2,"minecraft:arrow":7,"simplehats:rgbsunglasses":1,"minecraft:rotten_flesh":5,"waystones:waystone":1,"minecraft:hay_block":34,"iceandfire:sea_serpent_scales_red":2,"minecraft:bone_meal":2,"delchoco:chocobo_drumstick_raw":2,"minecraft:saddle":1,"minecraft:coal":12,"minecraft:cod":22,"minecraft:cobblestone":33},"minecraft:dropped":{"minecraft:gravel":10,"minecraft:bread":40,"hexerei:sage_seed":1,"simplehats:floweronhead":1,"minecraft:oak_trapdoor":1,"minecraft:tnt":2,"minecraft:oak_fence":1,"botania:light_gray_double_flower":1,"vampirism:item_tent":1,"minecraft:salmon":1,"patchouli:guide_book":3,"minecraft:stick":3,"minecraft:dirt":2,"delchoco:gysahl_green_seeds":3,"tconstruct:materials_and_you":1,"minecraft:bone_meal":2,"simplehats:rgbsunglasses":1,"minecraft:string":1},"minecraft:killed":{"minecraft:pig":1,"minecraft:cod":6,"iceandfire:stymphalian_bird":2,"delchoco:chocobo":2,"minecraft:horse":2,"minecraft:skeleton":7,"minecraft:zombie":4,"iceandfire:sea_serpent":1}},"DataVersion":3120}