{"stats":{"minecraft:killed_by":{"minecraft:player":1,"irons_spellbooks:pyromancer":3,"minecraft:skeleton":1,"minecraft:pillager":1},"minecraft:crafted":{"minecraft:smooth_stone":5,"minecraft:oak_planks":36,"minecraft:stone_shovel":1,"minecraft:cooked_porkchop":3,"minecraft:crafting_table":2,"minecraft:spruce_planks":12,"minecraft:wooden_pickaxe":1,"tconstruct:sky_slime":6,"minecraft:furnace":2,"arclight:moon_planks":44,"minecraft:stone":5,"minecraft:stone_axe":1,"minecraft:cooked_mutton":8,"minecraft:air":0,"minecraft:stick":8,"minecraft:stone_pickaxe":1,"minecraft:white_bed":1,"minecraft:spruce_boat":1},"minecraft:mined":{"minecraft:white_bed":1,"tconstruct:sky_slime_tall_grass":1,"delchoco:gysahl_green":17,"minecraft:mossy_stone_brick_slab":1,"minecraft:stone_brick_slab":4,"minecraft:crafting_table":3,"minecraft:grass_block":21,"minecraft:poppy":2,"minecraft:tall_grass":15,"minecraft:oak_planks":1,"arclight:moon_log":11,"minecraft:furnace":2,"tconstruct:earth_slime_dirt":70,"minecraft:stripped_spruce_log":3,"minecraft:stone_brick_stairs":1,"minecraft:mossy_stone_brick_stairs":1,"minecraft:grass":25,"minecraft:coal_ore":45,"minecraft:oak_log":6,"vampirism:fire_place":1,"minecraft:dirt":8,"minecraft:cracked_stone_bricks":2,"irons_spellbooks:inscription_table":1,"minecraft:stone_bricks":6,"minecraft:stone":49,"tconstruct:sky_slime_dirt":9,"minecraft:oak_leaves":1,"tconstruct:sky_congealed_slime":33,"arclight:moon_leaves":2},"minecraft:broken":{"minecraft:stone_shovel":1},"minecraft:killed":{"minecraft:pig":2,"irons_spellbooks:pyromancer":1,"minecraft:sheep":13,"minecraft:pillager":1,"minecraft:cow":11},"minecraft:used":{"minecraft:cooked_mutton":2,"vampirism:fire_place":1,"minecraft:stone_shovel":131,"minecraft:stone_pickaxe":102,"minecraft:oak_planks":18,"minecraft:wooden_pickaxe":20,"minecraft:dirt":57,"minecraft:crafting_table":5,"minecraft:white_bed":2,"minecraft:spruce_boat":1,"arclight:moon_planks":42,"minecraft:stone_axe":23,"epicsamurai:katana":52,"minecraft:cobblestone":18,"delchoco:gysahl_green":16,"delchoco:gysahl_green_seeds":18,"minecraft:furnace":2,"minecraft:cooked_porkchop":2,"delightful:acorn":1},"minecraft:custom":{"minecraft:interact_with_furnace":11,"minecraft:mob_kills":29,"tombstone:raider_killed":1,"minecraft:interact_with_crafting_table":12,"minecraft:open_barrel":21,"minecraft:damage_dealt_resisted":29,"minecraft:sleep_in_bed":1,"minecraft:leave_game":1,"minecraft:time_since_death":2637,"minecraft:climb_one_cm":78,"minecraft:time_since_rest":2569,"minecraft:sprint_one_cm":252589,"minecraft:damage_taken":1894,"minecraft:walk_one_cm":164315,"minecraft:drop":11,"minecraft:damage_dealt":4268,"minecraft:damage_dealt_absorbed":32,"minecraft:swim_one_cm":16503,"minecraft:fly_one_cm":564349,"minecraft:player_kills":2,"minecraft:interact_with_lectern":1,"minecraft:open_chest":7,"minecraft:crouch_one_cm":11522,"minecraft:boat_one_cm":530,"minecraft:play_time":55029,"minecraft:deaths":6,"minecraft:sneak_time":2539,"minecraft:walk_under_water_one_cm":1289,"tombstone:tomb_raiding":2,"minecraft:jump":1469,"minecraft:walk_on_water_one_cm":7327,"minecraft:total_world_time":55029,"minecraft:fall_one_cm":34371},"minecraft:dropped":{"occultism:datura_seeds":1,"hexerei:animal_fat":1,"tconstruct:sky_slime":6,"tconstruct:earth_slime_dirt":6,"minecraft:cobblestone":2,"simplehats:rainboworbiters":1,"minecraft:stick":1,"minecraft:oak_sapling":3,"minecraft:wooden_pickaxe":1,"tconstruct:sky_slime_ball":78},"minecraft:picked_up":{"irons_spellbooks:scroll":1,"occultism:datura_seeds":1,"delchoco:gysahl_green_seeds":20,"minecraft:crafting_table":3,"minecraft:leather":15,"minecraft:wooden_pickaxe":1,"minecraft:oak_log":6,"minecraft:dirt":57,"tconstruct:earth_slime_dirt":70,"irons_spellbooks:rare_ink":2,"minecraft:stone_bricks":2,"minecraft:wheat_seeds":2,"delightful:acorn":1,"minecraft:beef":21,"tconstruct:sky_slime":6,"minecraft:poppy":2,"delchoco:yellow_chocobo_spawn_egg":1,"irons_spellbooks:inscription_table":1,"minecraft:oak_planks":1,"arclight:moon_log":11,"minecraft:furnace":2,"hexerei:animal_fat":6,"minecraft:stick":1,"delchoco:gysahl_green":54,"epicsamurai:katana":1,"delchoco:chocobo_feather":6,"vampirism:fire_place":1,"delchoco:lovely_gysahl_green":1,"minecraft:porkchop":3,"tconstruct:sky_slime_dirt":9,"minecraft:stripped_spruce_log":3,"simplehats:rainboworbiters":1,"minecraft:white_bed":1,"irons_spellbooks:fire_rune":1,"hexerei:sage_seed":3,"tconstruct:sky_slime_ball":210,"waystones:waystone":1,"delchoco:chocobo_drumstick_raw":2,"minecraft:oak_sapling":3,"minecraft:mutton":15,"minecraft:coal":48,"minecraft:white_wool":13,"minecraft:cobblestone":48}},"DataVersion":3120}