{"stats":{"minecraft:killed_by":{"minecraft:player":1,"irons_spellbooks:pyromancer":3,"minecraft:pillager":1,"minecraft:skeleton":6,"delchoco:chocobo":1},"minecraft:mined":{"minecraft:white_bed":2,"delchoco:gysahl_green":17,"minecraft:mossy_stone_brick_slab":1,"epicsamurai:deepslate_ruby_ore":2,"minecraft:grass_block":30,"minecraft:tall_seagrass":1,"arclight:moon_log":11,"minecraft:furnace":2,"minecraft:iron_ore":42,"minecraft:andesite":21,"minecraft:stripped_spruce_log":3,"minecraft:mossy_stone_brick_stairs":1,"tconstruct:earth_slime_leaves":2,"minecraft:deepslate_iron_ore":3,"minecraft:dirt_path":1,"irons_spellbooks:inscription_table":1,"tconstruct:sky_slime_dirt":9,"minecraft:stone":187,"tconstruct:earth_congealed_slime":25,"arclight:moon_leaves":2,"tconstruct:sky_slime_tall_grass":1,"minecraft:stone_brick_slab":4,"minecraft:crafting_table":4,"minecraft:poppy":2,"tconstruct:greenheart_log":3,"mekanism:tin_ore":1,"minecraft:tall_grass":21,"minecraft:copper_ore":25,"minecraft:cobblestone":1,"minecraft:oak_planks":1,"arclight:cloudstone":12,"minecraft:diorite":1,"supplementaries:urn":2,"mekanism:fluorite_ore":1,"xp_veins:xp_ore":1,"tconstruct:earth_slime_dirt":70,"minecraft:stone_brick_stairs":1,"minecraft:grass":40,"minecraft:oak_log":15,"minecraft:coal_ore":45,"vampirism:fire_place":1,"minecraft:dirt":21,"minecraft:cracked_stone_bricks":2,"arclight:cloudstone_cobbled":2,"minecraft:stone_bricks":6,"minecraft:chipped_anvil":1,"minecraft:oak_leaves":5,"epicsamurai:ruby_ore":2,"tconstruct:sky_congealed_slime":33},"minecraft:crafted":{"minecraft:oak_planks":72,"minecraft:smooth_stone":5,"minecraft:stone_shovel":1,"minecraft:furnace":2,"arclight:moon_planks":44,"minecraft:slime_block":6,"minecraft:stone":5,"minecraft:cooked_mutton":10,"usefulslime:slime_sling":2,"tconstruct:greenheart_planks":12,"minecraft:stone_pickaxe":3,"minecraft:chest":3,"minecraft:spruce_boat":1,"sophisticatedbackpacks:iron_backpack":1,"minecraft:cooked_beef":26,"minecraft:wooden_shovel":1,"sophisticatedbackpacks:backpack":2,"minecraft:cooked_porkchop":3,"minecraft:crafting_table":4,"minecraft:spruce_planks":12,"minecraft:wooden_pickaxe":1,"tconstruct:sky_slime":6,"minecraft:stone_axe":1,"minecraft:air":0,"minecraft:oak_boat":1,"minecraft:stick":16,"minecraft:iron_pickaxe":1,"minecraft:white_bed":1,"usefulslime:slime_boots":2,"minecraft:torch":8},"minecraft:broken":{"minecraft:leather_helmet":1,"minecraft:stone_pickaxe":2,"minecraft:stone_shovel":1},"minecraft:killed":{"vampirism:vampire":2,"irons_spellbooks:pyromancer":1,"minecraft:spider":5,"minecraft:skeleton":4,"minecraft:bee":1,"minecraft:pig":2,"majruszsdifficulty:cursed_armor":1,"minecraft:creeper":1,"delchoco:chocobo":13,"minecraft:sheep":13,"minecraft:pillager":1,"minecraft:zombie":2,"minecraft:cow":13},"minecraft:used":{"minecraft:stone_shovel":131,"minecraft:chest":1,"minecraft:wooden_shovel":50,"minecraft:torch":8,"minecraft:dirt":57,"minecraft:mutton":2,"minecraft:spruce_boat":1,"arclight:moon_planks":42,"minecraft:furnace":4,"minecraft:cooked_beef":14,"minecraft:cooked_mutton":10,"epicfight:skillbook":4,"vampirism:fire_place":1,"minecraft:stone_pickaxe":282,"minecraft:oak_planks":18,"arclight:cloudstone_cobbled":3,"minecraft:wooden_pickaxe":20,"iceandfire:dragon_skull_lightning":2,"minecraft:crafting_table":7,"minecraft:white_bed":3,"waystones:waystone":1,"minecraft:iron_pickaxe":75,"minecraft:stone_axe":38,"epicsamurai:katana":165,"minecraft:cobblestone":94,"delchoco:gysahl_green":16,"delchoco:gysahl_green_seeds":18,"minecraft:cooked_porkchop":3,"minecraft:oak_boat":1,"delightful:acorn":1},"minecraft:custom":{"minecraft:mob_kills":61,"minecraft:interact_with_crafting_table":26,"minecraft:open_barrel":27,"minecraft:damage_dealt_resisted":29,"minecraft:leave_game":4,"minecraft:time_since_death":6288,"minecraft:climb_one_cm":78,"minecraft:damage_resisted":0,"minecraft:sprint_one_cm":445641,"minecraft:walk_one_cm":338310,"minecraft:drop":17,"minecraft:damage_dealt_absorbed":32,"minecraft:talked_to_villager":1,"minecraft:play_time":176915,"minecraft:sneak_time":5644,"minecraft:deaths":12,"minecraft:walk_under_water_one_cm":19616,"minecraft:interact_with_lectern":1,"minecraft:boat_one_cm":904,"tombstone:tomb_raiding":2,"minecraft:jump":2569,"minecraft:walk_on_water_one_cm":24177,"minecraft:total_world_time":176915,"minecraft:interact_with_furnace":26,"tombstone:raider_killed":1,"minecraft:sleep_in_bed":5,"minecraft:time_since_rest":5421,"minecraft:waystone_activated":1,"minecraft:damage_taken":4730,"minecraft:damage_dealt":10505,"minecraft:player_kills":2,"minecraft:swim_one_cm":54181,"minecraft:fly_one_cm":1197209,"minecraft:open_chest":20,"minecraft:crouch_one_cm":27822,"tombstone:undead_killed":6,"minecraft:fall_one_cm":57339},"minecraft:dropped":{"occultism:datura_seeds":2,"tconstruct:sky_slime":6,"minecraft:cobblestone":2,"simplehats:rainboworbiters":1,"minecraft:stick":1,"tconstruct:sky_slime_ball":78,"minecraft:stone_axe":1,"hexerei:animal_fat":1,"tconstruct:earth_slime_dirt":6,"sophisticatedbackpacks:backpack":1,"supplementaries:ash":10,"minecraft:oak_sapling":3,"delchoco:chocobo_drumstick_raw":1,"minecraft:stone_bricks":2,"minecraft:wooden_pickaxe":1},"minecraft:picked_up":{"irons_spellbooks:scroll":1,"iceandfire:dragon_skull_lightning":2,"minecraft:crafting_table":4,"arclight:cloudstone_brick":1,"simplehats:hatbag_rare":1,"minecraft:wooden_pickaxe":1,"delchoco:blue_chocobo_spawn_egg":1,"minecraft:string":7,"tconstruct:earth_slime_dirt":70,"minecraft:raw_copper":78,"delightful:acorn":1,"minecraft:beef":26,"minecraft:poppy":2,"delchoco:yellow_chocobo_spawn_egg":3,"irons_spellbooks:inscription_table":1,"minecraft:furnace":2,"apotheosis:gem":2,"minecraft:stick":1,"minecraft:raw_iron":45,"delchoco:gysahl_green":57,"delchoco:chocobo_feather":37,"delchoco:lovely_gysahl_green":1,"minecraft:porkchop":3,"tconstruct:sky_slime_dirt":9,"tombstone:grave_dust":1,"vampirism:vampire_fang":1,"simplehats:rainboworbiters":1,"minecraft:diorite":1,"irons_spellbooks:fire_rune":1,"mekanism:raw_tin":1,"hexerei:sage_seed":5,"minecraft:arrow":3,"tconstruct:sky_slime_ball":210,"minecraft:rotten_flesh":3,"delchoco:chocobo_drumstick_raw":10,"supplementaries:ash":10,"minecraft:mutton":15,"minecraft:cobblestone":186,"minecraft:white_wool":13,"occultism:datura_seeds":2,"delchoco:gysahl_green_seeds":24,"tconstruct:greenheart_log":3,"minecraft:andesite":21,"minecraft:leather":34,"minecraft:oak_log":15,"minecraft:gunpowder":2,"minecraft:dirt":80,"irons_spellbooks:rare_ink":2,"minecraft:leather_boots":1,"minecraft:chipped_anvil":1,"minecraft:bone":3,"minecraft:stone_bricks":4,"minecraft:wheat_seeds":4,"tconstruct:sky_slime":6,"minecraft:oak_planks":1,"arclight:moon_log":11,"hexerei:animal_fat":6,"epicsamurai:katana":3,"vampirism:fire_place":1,"minecraft:stripped_spruce_log":3,"minecraft:white_bed":2,"minecraft:leather_helmet":1,"minecraft:spider_eye":3,"arclight:cloudstone_cobbled":12,"minecraft:slime_ball":100,"minecraft:stone_axe":1,"waystones:waystone":1,"mekanism:fluorite_gem":3,"minecraft:oak_sapling":4,"epicsamurai:ruby":4,"minecraft:coal":48}},"DataVersion":3120}