{"stats":{"minecraft:crafted":{"minecraft:oak_planks":12},"minecraft:killed_by":{"minecraft:skeleton":1,"minecraft:player":1,"minecraft:pillager":1},"minecraft:mined":{"minecraft:grass":11,"vampirism:fire_place":1,"minecraft:tall_grass":3},"minecraft:used":{"vampirism:fire_place":1,"minecraft:oak_planks":12},"minecraft:custom":{"minecraft:time_since_rest":252,"minecraft:crouch_one_cm":117,"minecraft:play_time":7029,"minecraft:sprint_one_cm":42193,"minecraft:deaths":3,"minecraft:damage_taken":664,"minecraft:walk_one_cm":19803,"minecraft:sneak_time":143,"minecraft:walk_under_water_one_cm":436,"minecraft:mob_kills":1,"minecraft:drop":1,"tombstone:tomb_raiding":2,"minecraft:jump":250,"minecraft:damage_dealt":507,"minecraft:leave_game":1,"minecraft:walk_on_water_one_cm":1104,"minecraft:time_since_death":322,"minecraft:total_world_time":7029,"minecraft:swim_one_cm":2144,"minecraft:fall_one_cm":6061,"minecraft:fly_one_cm":108887,"minecraft:player_kills":2},"minecraft:dropped":{"simplehats:rainboworbiters":1},"minecraft:picked_up":{"hexerei:sage_seed":2,"delchoco:chocobo_feather":6,"vampirism:fire_place":1,"minecraft:leather":5,"delchoco:chocobo_drumstick_raw":2,"simplehats:rainboworbiters":1,"delchoco:yellow_chocobo_spawn_egg":1}},"DataVersion":3120}