{"stats":{"minecraft:custom":{"minecraft:time_since_rest":4016,"minecraft:crouch_one_cm":2490,"minecraft:play_time":4016,"minecraft:sprint_one_cm":14036,"minecraft:damage_taken":160,"minecraft:walk_one_cm":10990,"minecraft:sneak_time":417,"minecraft:jump":77,"minecraft:damage_dealt":10,"minecraft:time_since_death":4016,"minecraft:total_world_time":4016,"minecraft:interact_with_crafting_table":3,"minecraft:fall_one_cm":3723,"minecraft:fly_one_cm":27820},"minecraft:crafted":{"minecraft:stone_axe":1,"minecraft:spruce_planks":20,"minecraft:stick":8,"minecraft:stone_pickaxe":1,"minecraft:wooden_pickaxe":1},"minecraft:used":{"minecraft:stone_axe":1,"minecraft:dirt":3,"minecraft:stone_pickaxe":7,"minecraft:wooden_pickaxe":18},"minecraft:mined":{"minecraft:podzol":2,"minecraft:coal_ore":6,"minecraft:dirt":2,"biomesoplenty:sprout":2,"minecraft:spruce_log":5,"minecraft:stone":19,"minecraft:crafting_table":1},"minecraft:picked_up":{"minecraft:crafting_table":1,"tombstone:grave_dust":1,"minecraft:spruce_log":5,"minecraft:coal":6,"minecraft:dirt":4,"minecraft:cobblestone":19}},"DataVersion":3120}