{"stats":{"minecraft:custom":{"minecraft:interact_with_furnace":3,"minecraft:mob_kills":15,"minecraft:interact_with_crafting_table":5,"minecraft:open_barrel":8,"minecraft:time_since_death":16016,"minecraft:time_since_rest":16016,"minecraft:sprint_one_cm":97044,"minecraft:damage_taken":370,"minecraft:walk_one_cm":77599,"minecraft:drop":4,"minecraft:damage_dealt":1562,"minecraft:swim_one_cm":26485,"minecraft:fly_one_cm":139787,"minecraft:crouch_one_cm":7671,"minecraft:play_time":16016,"tombstone:undead_killed":8,"minecraft:sneak_time":1150,"minecraft:walk_under_water_one_cm":4437,"minecraft:jump":377,"minecraft:walk_on_water_one_cm":4431,"minecraft:total_world_time":16016,"minecraft:fish_caught":2,"minecraft:fall_one_cm":9039},"minecraft:used":{"epicfight:skillbook":1,"minecraft:stone_pickaxe":23,"minecraft:spruce_planks":9,"minecraft:wooden_pickaxe":18,"minecraft:dirt":3,"minecraft:crafting_table":1,"spartanweaponry:iron_katana":13,"minecraft:stone_axe":20,"minecraft:fishing_rod":2,"minecraft:cobblestone":13,"delchoco:gysahl_green":9,"minecraft:furnace":1,"minecraft:cooked_cod":7},"minecraft:crafted":{"minecraft:cooked_cod":7,"minecraft:spruce_planks":20,"minecraft:wooden_pickaxe":1,"minecraft:furnace":1,"minecraft:stone_axe":1,"minecraft:air":0,"minecraft:stick":8,"minecraft:stone_pickaxe":1},"minecraft:mined":{"minecraft:podzol":3,"delchoco:gysahl_green":3,"minecraft:oak_fence":1,"minecraft:crafting_table":2,"biomesoplenty:sprout":2,"minecraft:kelp":1,"botania:light_gray_double_flower":1,"minecraft:oak_trapdoor":1,"minecraft:furnace":1,"minecraft:barrel":3,"minecraft:spruce_log":5,"vampirism:tent":1,"minecraft:coal_ore":6,"minecraft:dirt":4,"minecraft:stone":33,"minecraft:fern":2},"minecraft:picked_up":{"delchoco:gysahl_green_seeds":2,"minecraft:crafting_table":2,"vampirism:item_tent":1,"simplehats:hatbag_rare":1,"minecraft:salmon":1,"minecraft:dirt":7,"minecraft:oak_trapdoor":1,"spartanweaponry:iron_katana":1,"simplehats:hatbag_epic":1,"minecraft:bone":12,"botania:light_gray_double_flower":1,"minecraft:kelp":1,"minecraft:bow":1,"minecraft:furnace":1,"minecraft:stick":1,"delchoco:gysahl_green":9,"simplehats:floweronhead":1,"simplehats:hatbag_common":1,"minecraft:oak_fence":1,"epicfight:skillbook":1,"minecraft:porkchop":3,"tombstone:grave_dust":5,"minecraft:spruce_log":5,"minecraft:barrel":3,"simplehats:halo":1,"simplehats:rgbsunglasses":1,"minecraft:arrow":5,"minecraft:rotten_flesh":3,"waystones:waystone":1,"minecraft:bone_meal":2,"minecraft:cod":21,"minecraft:coal":11,"minecraft:cobblestone":33},"minecraft:dropped":{"simplehats:floweronhead":1,"minecraft:oak_trapdoor":1,"delchoco:gysahl_green_seeds":2,"minecraft:bone_meal":1},"minecraft:killed":{"minecraft:pig":1,"minecraft:cod":6,"minecraft:skeleton":6,"minecraft:zombie":2}},"DataVersion":3120}