{"stats":{"minecraft:broken":{"spartanweaponry:iron_katana":1},"minecraft:custom":{"minecraft:interact_with_furnace":5,"minecraft:mob_kills":24,"minecraft:interact_with_crafting_table":8,"minecraft:open_barrel":16,"minecraft:damage_dealt_resisted":0,"minecraft:time_since_death":40016,"minecraft:time_since_rest":40016,"minecraft:sprint_one_cm":182508,"minecraft:damage_taken":867,"minecraft:walk_one_cm":170590,"minecraft:drop":17,"minecraft:damage_dealt":3172,"minecraft:damage_dealt_absorbed":27,"minecraft:swim_one_cm":53653,"minecraft:fly_one_cm":273724,"minecraft:crouch_one_cm":10988,"minecraft:play_time":40016,"tombstone:undead_killed":11,"minecraft:sneak_time":1538,"minecraft:walk_under_water_one_cm":6353,"minecraft:jump":706,"minecraft:walk_on_water_one_cm":12387,"minecraft:total_world_time":40016,"minecraft:fish_caught":4,"minecraft:fall_one_cm":14916,"minecraft:horse_one_cm":6167},"minecraft:used":{"epicfight:skillbook":1,"epicsamurai:straw_hat":1,"minecraft:stone_pickaxe":23,"minecraft:spruce_planks":9,"minecraft:wooden_pickaxe":18,"minecraft:dirt":3,"minecraft:crafting_table":3,"minecraft:carrot":1,"spartanweaponry:iron_katana":15,"vampirism:item_tent":1,"minecraft:bread":3,"minecraft:stone_axe":39,"minecraft:fishing_rod":8,"minecraft:bow":5,"minecraft:cobblestone":13,"delchoco:gysahl_green":9,"minecraft:porkchop":1,"minecraft:furnace":2,"minecraft:cooked_cod":16},"minecraft:crafted":{"minecraft:cooked_cod":18,"minecraft:spruce_planks":20,"minecraft:wooden_pickaxe":1,"epicsamurai:straw_hat":1,"minecraft:furnace":1,"minecraft:stone_axe":1,"minecraft:bread":101,"minecraft:air":0,"minecraft:stick":8,"minecraft:stone_pickaxe":1,"minecraft:wheat":306},"minecraft:mined":{"minecraft:podzol":3,"delchoco:gysahl_green":3,"vampirism:tent_main":1,"minecraft:oak_fence":1,"minecraft:crafting_table":3,"minecraft:tall_grass":1,"biomesoplenty:sprout":2,"minecraft:kelp":1,"botania:light_gray_double_flower":1,"minecraft:hay_block":34,"minecraft:oak_trapdoor":1,"minecraft:furnace":1,"minecraft:barrel":3,"minecraft:spruce_log":5,"vampirism:tent":1,"minecraft:grass":4,"minecraft:coal_ore":6,"minecraft:dirt":4,"minecraft:stone":33,"minecraft:fern":2},"minecraft:picked_up":{"delchoco:gysahl_green_seeds":5,"minecraft:crafting_table":3,"iceandfire:sea_serpent_fang":1,"vampirism:item_tent":2,"simplehats:hatbag_rare":1,"minecraft:salmon":2,"minecraft:leather":8,"minecraft:string":1,"minecraft:dirt":7,"minecraft:oak_trapdoor":1,"spartanweaponry:iron_katana":1,"simplehats:hatbag_epic":1,"minecraft:bone":12,"botania:light_gray_double_flower":1,"minecraft:kelp":1,"minecraft:bow":1,"minecraft:wheat_seeds":2,"delchoco:yellow_chocobo_spawn_egg":1,"minecraft:furnace":1,"minecraft:stick":1,"delchoco:gysahl_green":9,"delchoco:chocobo_feather":5,"simplehats:floweronhead":1,"simplehats:hatbag_common":1,"minecraft:oak_fence":1,"epicfight:skillbook":1,"minecraft:porkchop":3,"tombstone:grave_dust":5,"minecraft:spruce_log":5,"minecraft:barrel":3,"simplehats:halo":1,"hexerei:sage_seed":3,"simplehats:rgbsunglasses":1,"minecraft:arrow":7,"minecraft:rotten_flesh":5,"waystones:waystone":1,"minecraft:hay_block":34,"iceandfire:sea_serpent_scales_red":2,"delchoco:chocobo_drumstick_raw":2,"minecraft:bone_meal":2,"minecraft:saddle":1,"minecraft:cod":22,"minecraft:coal":11,"minecraft:cobblestone":33},"minecraft:dropped":{"minecraft:bread":40,"hexerei:sage_seed":1,"simplehats:floweronhead":1,"minecraft:oak_trapdoor":1,"botania:light_gray_double_flower":1,"vampirism:item_tent":1,"minecraft:salmon":1,"patchouli:guide_book":3,"minecraft:stick":3,"delchoco:gysahl_green_seeds":3,"tconstruct:materials_and_you":1,"minecraft:bone_meal":2,"simplehats:rgbsunglasses":1},"minecraft:killed":{"minecraft:pig":1,"minecraft:cod":6,"delchoco:chocobo":2,"minecraft:horse":2,"minecraft:skeleton":7,"minecraft:zombie":4,"iceandfire:sea_serpent":1}},"DataVersion":3120}