{"stats":{"minecraft:killed_by":{"minecraft:player":1,"minecraft:skeleton":1,"minecraft:pillager":1},"minecraft:crafted":{"minecraft:oak_planks":36,"minecraft:crafting_table":1,"minecraft:stick":8,"minecraft:wooden_pickaxe":1,"minecraft:stone_pickaxe":1,"minecraft:stone_axe":1},"minecraft:mined":{"arclight:moon_log":1,"delchoco:gysahl_green":17,"minecraft:crafting_table":1,"minecraft:grass":18,"minecraft:grass_block":2,"minecraft:oak_log":6,"minecraft:poppy":1,"vampirism:fire_place":1,"minecraft:dirt":8,"minecraft:tall_grass":10,"minecraft:stone":26,"minecraft:oak_leaves":1},"minecraft:killed":{"minecraft:pillager":1},"minecraft:used":{"vampirism:fire_place":1,"minecraft:stone_pickaxe":9,"minecraft:oak_planks":12,"minecraft:wooden_pickaxe":20,"minecraft:stone_axe":5,"minecraft:dirt":10,"minecraft:cobblestone":14,"delchoco:gysahl_green":16,"delchoco:gysahl_green_seeds":18,"minecraft:crafting_table":1,"delightful:acorn":1},"minecraft:custom":{"minecraft:time_since_rest":12252,"minecraft:sprint_one_cm":80061,"minecraft:damage_taken":904,"minecraft:walk_one_cm":33642,"minecraft:mob_kills":2,"minecraft:drop":1,"tombstone:raider_killed":1,"minecraft:damage_dealt":777,"minecraft:interact_with_crafting_table":3,"minecraft:swim_one_cm":2144,"minecraft:player_kills":2,"minecraft:fly_one_cm":195972,"minecraft:crouch_one_cm":5611,"minecraft:play_time":19029,"minecraft:deaths":3,"minecraft:sneak_time":1198,"minecraft:walk_under_water_one_cm":436,"tombstone:tomb_raiding":2,"minecraft:jump":471,"minecraft:leave_game":1,"minecraft:time_since_death":12322,"minecraft:walk_on_water_one_cm":1349,"minecraft:total_world_time":19029,"minecraft:fall_one_cm":12452},"minecraft:dropped":{"simplehats:rainboworbiters":1},"minecraft:picked_up":{"occultism:datura_seeds":1,"delchoco:gysahl_green_seeds":18,"minecraft:stick":1,"minecraft:crafting_table":1,"delchoco:gysahl_green":39,"epicsamurai:katana":1,"delchoco:chocobo_feather":6,"vampirism:fire_place":1,"minecraft:leather":5,"delchoco:lovely_gysahl_green":1,"minecraft:oak_log":6,"simplehats:rainboworbiters":1,"minecraft:dirt":10,"hexerei:sage_seed":3,"minecraft:wheat_seeds":1,"delightful:acorn":1,"delchoco:chocobo_drumstick_raw":2,"minecraft:poppy":1,"delchoco:yellow_chocobo_spawn_egg":1,"minecraft:oak_sapling":3,"minecraft:cobblestone":26}},"DataVersion":3120}