{"stats":{"minecraft:killed_by":{"minecraft:player":1,"minecraft:skeleton":1,"minecraft:pillager":1},"minecraft:crafted":{"minecraft:oak_planks":36,"minecraft:stone_shovel":1,"minecraft:crafting_table":2,"minecraft:wooden_pickaxe":1,"tconstruct:sky_slime":6,"arclight:moon_planks":44,"minecraft:stone_axe":1,"minecraft:stick":8,"minecraft:stone_pickaxe":1},"minecraft:mined":{"tconstruct:sky_slime_tall_grass":1,"delchoco:gysahl_green":17,"minecraft:crafting_table":2,"minecraft:grass_block":21,"minecraft:poppy":1,"minecraft:tall_grass":13,"arclight:moon_log":11,"tconstruct:earth_slime_dirt":70,"minecraft:grass":19,"minecraft:oak_log":6,"vampirism:fire_place":1,"minecraft:dirt":8,"minecraft:stone":26,"tconstruct:sky_slime_dirt":9,"minecraft:oak_leaves":1,"tconstruct:sky_congealed_slime":33,"arclight:moon_leaves":2},"minecraft:broken":{"minecraft:stone_shovel":1},"minecraft:killed":{"minecraft:pig":2,"minecraft:sheep":8,"minecraft:pillager":1},"minecraft:used":{"vampirism:fire_place":1,"minecraft:stone_shovel":131,"minecraft:stone_pickaxe":10,"minecraft:oak_planks":12,"minecraft:wooden_pickaxe":20,"minecraft:dirt":57,"minecraft:crafting_table":3,"arclight:moon_planks":42,"minecraft:stone_axe":17,"epicsamurai:katana":12,"minecraft:cobblestone":18,"delchoco:gysahl_green":16,"delchoco:gysahl_green_seeds":18,"delightful:acorn":1},"minecraft:custom":{"minecraft:mob_kills":12,"tombstone:raider_killed":1,"minecraft:interact_with_crafting_table":5,"minecraft:leave_game":1,"minecraft:time_since_death":24322,"minecraft:time_since_rest":24252,"minecraft:sprint_one_cm":121456,"minecraft:damage_taken":944,"minecraft:walk_one_cm":73503,"minecraft:drop":4,"minecraft:damage_dealt":1642,"minecraft:damage_dealt_absorbed":32,"minecraft:swim_one_cm":10119,"minecraft:fly_one_cm":316219,"minecraft:player_kills":2,"minecraft:crouch_one_cm":9038,"minecraft:play_time":31029,"minecraft:deaths":3,"minecraft:sneak_time":2046,"minecraft:walk_under_water_one_cm":976,"tombstone:tomb_raiding":2,"minecraft:jump":822,"minecraft:walk_on_water_one_cm":4544,"minecraft:total_world_time":31029,"minecraft:fall_one_cm":19715},"minecraft:dropped":{"tconstruct:sky_slime":6,"simplehats:rainboworbiters":1,"tconstruct:sky_slime_ball":78},"minecraft:picked_up":{"occultism:datura_seeds":1,"delchoco:gysahl_green_seeds":19,"minecraft:crafting_table":2,"minecraft:leather":5,"minecraft:oak_log":6,"minecraft:dirt":57,"tconstruct:earth_slime_dirt":70,"minecraft:wheat_seeds":1,"delightful:acorn":1,"tconstruct:sky_slime":6,"minecraft:poppy":1,"delchoco:yellow_chocobo_spawn_egg":1,"arclight:moon_log":11,"minecraft:stick":1,"delchoco:gysahl_green":54,"epicsamurai:katana":1,"delchoco:chocobo_feather":6,"vampirism:fire_place":1,"delchoco:lovely_gysahl_green":1,"minecraft:porkchop":3,"tconstruct:sky_slime_dirt":9,"simplehats:rainboworbiters":1,"hexerei:sage_seed":3,"tconstruct:sky_slime_ball":210,"waystones:waystone":1,"delchoco:chocobo_drumstick_raw":2,"minecraft:oak_sapling":3,"minecraft:mutton":9,"minecraft:white_wool":7,"minecraft:cobblestone":26}},"DataVersion":3120}