{"stats":{"minecraft:custom":{"minecraft:open_barrel":7,"minecraft:time_since_rest":1741,"minecraft:open_chest":2,"minecraft:play_time":8638,"minecraft:sprint_one_cm":63717,"minecraft:walk_one_cm":23544,"minecraft:damage_taken":645,"minecraft:deaths":2,"minecraft:walk_under_water_one_cm":122,"minecraft:jump":170,"minecraft:leave_game":1,"minecraft:walk_on_water_one_cm":241,"minecraft:time_since_death":2512,"minecraft:total_world_time":8638,"minecraft:swim_one_cm":5510,"minecraft:fly_one_cm":91446,"minecraft:fall_one_cm":1730,"minecraft:interact_with_crafting_table":1},"minecraft:used":{"minecraft:dirt":1,"minecraft:iron_axe":8,"minecraft:rooted_dirt":1,"minecraft:iron_pickaxe":2,"tombstone:gift":1},"minecraft:killed_by":{"minecraft:creeper":1,"iceandfire:ghost":1},"minecraft:mined":{"minecraft:grass":1,"minecraft:sweet_berry_bush":12,"minecraft:spruce_leaves":4,"minecraft:amethyst_cluster":2,"minecraft:rooted_dirt":1,"minecraft:podzol":1,"botania:light_gray_mystical_flower":7,"botania:black_mystical_flower":5,"minecraft:crafting_table":1,"minecraft:fern":8,"minecraft:large_fern":1,"botania:green_mystical_flower":4},"minecraft:picked_up":{"botania:black_mystical_flower":5,"minecraft:crafting_table":1,"minecraft:sweet_berries":28,"botania:light_gray_mystical_flower":7,"minecraft:amethyst_shard":8,"minecraft:rooted_dirt":1,"minecraft:dirt":1,"botania:green_mystical_flower":4,"minecraft:string":1}},"DataVersion":3120}