{"stats":{"minecraft:custom":{"minecraft:interact_with_furnace":1,"minecraft:mob_kills":11,"tombstone:raider_killed":5,"minecraft:interact_with_crafting_table":3,"minecraft:time_since_death":10503,"minecraft:time_since_rest":10103,"minecraft:sprint_one_cm":75664,"minecraft:damage_taken":1425,"minecraft:walk_one_cm":150425,"minecraft:trigger_trapped_chest":1,"minecraft:drop":6,"minecraft:damage_dealt":3383,"minecraft:swim_one_cm":53968,"minecraft:talked_to_villager":1,"minecraft:fly_one_cm":113431,"minecraft:open_chest":4,"minecraft:crouch_one_cm":1398,"minecraft:play_time":23144,"tombstone:undead_killed":4,"minecraft:deaths":3,"minecraft:sneak_time":295,"minecraft:walk_under_water_one_cm":2573,"minecraft:jump":331,"minecraft:walk_on_water_one_cm":9228,"minecraft:total_world_time":23144,"minecraft:fall_one_cm":4449},"minecraft:crafted":{"minecraft:crafting_table":1,"minecraft:spruce_planks":16,"minecraft:wooden_pickaxe":1,"minecraft:stone_axe":1,"minecraft:stick":8,"minecraft:stone_pickaxe":1,"iceandfire:silver_sword":1},"minecraft:used":{"minecraft:wheat_seeds":2,"iceandfire:silver_sword":35,"minecraft:stone_pickaxe":13,"minecraft:wooden_pickaxe":14,"minecraft:dirt":4,"minecraft:crafting_table":2,"minecraft:stone_axe":43,"minecraft:cobblestone":1,"delchoco:gysahl_green":25,"delchoco:gysahl_green_seeds":1,"tombstone:gift":1},"minecraft:killed_by":{"minecraft:skeleton":1,"minecraft:zombie":1,"iceandfire:ghost":1},"minecraft:mined":{"delchoco:gysahl_green":12,"minecraft:mossy_cobblestone":2,"minecraft:crafting_table":2,"minecraft:grass_block":1,"minecraft:rose_bush":1,"minecraft:copper_ore":1,"minecraft:cobblestone":2,"minecraft:spruce_leaves":2,"biomesoplenty:sprout":4,"minecraft:damaged_anvil":1,"minecraft:coarse_dirt":1,"minecraft:furnace":1,"minecraft:iron_ore":3,"minecraft:wheat":2,"minecraft:spruce_log":4,"minecraft:potted_red_mushroom":1,"minecraft:wither_rose":1,"minecraft:grass":1,"minecraft:dirt":3,"minecraft:cobweb":22,"minecraft:stone":11},"minecraft:picked_up":{"minecraft:coarse_dirt":1,"delchoco:gysahl_green_seeds":12,"minecraft:crafting_table":2,"minecraft:wheat":2,"minecraft:flower_pot":1,"minecraft:red_mushroom":1,"minecraft:wither_rose":1,"iceandfire:ectoplasm":3,"minecraft:gunpowder":4,"minecraft:dirt":15,"minecraft:string":20,"minecraft:raw_copper":5,"minecraft:wheat_seeds":4,"minecraft:rose_bush":1,"minecraft:furnace":1,"minecraft:stick":1,"minecraft:raw_iron":3,"delchoco:gysahl_green":29,"apotheosis:gem":1,"minecraft:sand":13,"minecraft:spruce_sapling":1,"minecraft:spruce_log":4,"minecraft:spider_eye":1,"minecraft:mossy_cobblestone":2,"minecraft:sugar":1,"minecraft:damaged_anvil":1,"minecraft:cobblestone":13},"minecraft:dropped":{"minecraft:red_mushroom":1,"minecraft:stick":1,"minecraft:flower_pot":1,"tconstruct:materials_and_you":1,"tombstone:grave_dust":1,"minecraft:spider_eye":1},"minecraft:killed":{"vampirism:vampire":1,"minecraft:witch":5,"minecraft:creeper":1,"iceandfire:ghost":4}},"DataVersion":3120}