{"stats":{"minecraft:broken":{"minecraft:stone_axe":1},"minecraft:custom":{"minecraft:interact_with_furnace":1,"minecraft:mob_kills":18,"tombstone:raider_killed":9,"minecraft:interact_with_crafting_table":3,"minecraft:open_barrel":9,"minecraft:leave_game":1,"minecraft:time_since_death":11133,"minecraft:sleep_in_bed":2,"minecraft:time_since_rest":4534,"minecraft:sprint_one_cm":107754,"minecraft:damage_taken":1805,"minecraft:walk_one_cm":253445,"minecraft:trigger_trapped_chest":1,"minecraft:drop":19,"minecraft:damage_dealt":5055,"minecraft:swim_one_cm":61156,"minecraft:talked_to_villager":1,"minecraft:fly_one_cm":142004,"minecraft:open_chest":5,"minecraft:crouch_one_cm":2520,"minecraft:play_time":34867,"tombstone:undead_killed":4,"minecraft:deaths":4,"minecraft:sneak_time":535,"minecraft:walk_under_water_one_cm":4418,"minecraft:jump":450,"minecraft:walk_on_water_one_cm":12187,"minecraft:total_world_time":34867,"minecraft:fall_one_cm":5307},"minecraft:crafted":{"minecraft:crafting_table":1,"minecraft:spruce_planks":16,"minecraft:wooden_pickaxe":1,"minecraft:stone_axe":1,"minecraft:stick":8,"minecraft:stone_pickaxe":1,"iceandfire:silver_sword":1},"minecraft:used":{"minecraft:wheat_seeds":2,"iceandfire:silver_sword":80,"minecraft:stone_pickaxe":15,"minecraft:wooden_pickaxe":14,"minecraft:dirt":4,"minecraft:crafting_table":2,"minecraft:stone_axe":82,"minecraft:cobblestone":1,"delchoco:gysahl_green":29,"delchoco:gysahl_green_seeds":1,"tombstone:gift":1},"minecraft:killed_by":{"minecraft:skeleton":1,"minecraft:witch":1,"minecraft:zombie":1,"iceandfire:ghost":1},"minecraft:mined":{"delchoco:gysahl_green":12,"minecraft:mossy_cobblestone":2,"minecraft:brewing_stand":1,"minecraft:crafting_table":2,"minecraft:grass_block":1,"minecraft:rose_bush":1,"minecraft:copper_ore":1,"minecraft:cobblestone":2,"minecraft:spruce_leaves":2,"biomesoplenty:sprout":4,"minecraft:damaged_anvil":1,"minecraft:spawner":1,"minecraft:skeleton_skull":2,"minecraft:coarse_dirt":1,"minecraft:furnace":1,"minecraft:iron_ore":3,"minecraft:wheat":2,"minecraft:spruce_log":4,"minecraft:potted_red_mushroom":1,"minecraft:wither_rose":1,"minecraft:grass":1,"minecraft:bookshelf":18,"minecraft:loom":2,"minecraft:dirt":3,"minecraft:cobweb":55,"minecraft:brown_candle":2,"minecraft:stone":11,"minecraft:gray_candle":2},"minecraft:picked_up":{"simplehats:cat_on_head":1,"minecraft:coarse_dirt":1,"delchoco:gysahl_green_seeds":12,"minecraft:crafting_table":2,"minecraft:wheat":2,"simplehats:hatbag_rare":1,"minecraft:flower_pot":1,"minecraft:red_mushroom":1,"minecraft:wither_rose":1,"iceandfire:ectoplasm":3,"minecraft:brewing_stand":1,"minecraft:gunpowder":4,"minecraft:dirt":15,"minecraft:string":57,"minecraft:brown_candle":6,"minecraft:raw_copper":5,"minecraft:wheat_seeds":4,"minecraft:rose_bush":1,"minecraft:gray_candle":3,"minecraft:furnace":1,"minecraft:book":54,"minecraft:stick":4,"minecraft:raw_iron":3,"delchoco:gysahl_green":29,"apotheosis:gem":1,"epicfight:skillbook":1,"minecraft:sand":13,"minecraft:spruce_sapling":1,"minecraft:spruce_log":4,"minecraft:redstone":1,"minecraft:spider_eye":6,"minecraft:mossy_cobblestone":2,"minecraft:sugar":2,"minecraft:damaged_anvil":1,"minecraft:skeleton_skull":2,"minecraft:cobblestone":13},"minecraft:dropped":{"minecraft:wheat":2,"iceandfire:ectoplasm":3,"minecraft:red_mushroom":1,"minecraft:stick":1,"minecraft:flower_pot":1,"tconstruct:materials_and_you":1,"tombstone:grave_dust":1,"minecraft:gold_nugget":9,"minecraft:spider_eye":6,"minecraft:wooden_pickaxe":1,"minecraft:sugar":2,"minecraft:bone":1,"minecraft:redstone":1},"minecraft:killed":{"vampirism:vampire":1,"minecraft:witch":9,"minecraft:spider":4,"minecraft:creeper":1,"iceandfire:ghost":4}},"DataVersion":3120}