{"stats":{"minecraft:custom":{"minecraft:time_since_rest":1,"minecraft:sprint_one_cm":31735,"minecraft:damage_taken":600,"minecraft:walk_one_cm":16335,"minecraft:damage_dealt":14,"minecraft:talked_to_villager":1,"minecraft:swim_one_cm":53968,"minecraft:interact_with_crafting_table":2,"minecraft:fly_one_cm":81914,"minecraft:crouch_one_cm":266,"minecraft:play_time":11144,"minecraft:deaths":2,"minecraft:sneak_time":127,"minecraft:walk_under_water_one_cm":2573,"minecraft:jump":186,"minecraft:time_since_death":295,"minecraft:walk_on_water_one_cm":6314,"minecraft:total_world_time":11144,"minecraft:fall_one_cm":3613},"minecraft:used":{"minecraft:wooden_pickaxe":14,"minecraft:stone_axe":2,"minecraft:dirt":4,"minecraft:cobblestone":1,"delchoco:gysahl_green":4,"minecraft:crafting_table":1,"delchoco:gysahl_green_seeds":1},"minecraft:crafted":{"minecraft:crafting_table":1,"minecraft:spruce_planks":16,"minecraft:stick":8,"minecraft:wooden_pickaxe":1,"minecraft:stone_pickaxe":1,"minecraft:stone_axe":1},"minecraft:killed_by":{"iceandfire:ghost":1,"minecraft:zombie":1},"minecraft:mined":{"minecraft:coarse_dirt":1,"delchoco:gysahl_green":3,"minecraft:spruce_log":4,"minecraft:wither_rose":1,"minecraft:grass_block":1,"minecraft:dirt":3,"minecraft:spruce_leaves":2,"minecraft:stone":10},"minecraft:picked_up":{"delchoco:gysahl_green_seeds":3,"minecraft:coarse_dirt":1,"delchoco:gysahl_green":5,"minecraft:wither_rose":1,"minecraft:spruce_sapling":1,"minecraft:spruce_log":4,"minecraft:dirt":4,"minecraft:cobblestone":10}},"DataVersion":3120}