{"stats":{"minecraft:custom":{"minecraft:time_since_rest":53334,"minecraft:crouch_one_cm":3608,"minecraft:sprint_one_cm":9808,"minecraft:play_time":53334,"minecraft:walk_one_cm":36390,"minecraft:sneak_time":893,"minecraft:drop":2,"minecraft:jump":114,"minecraft:damage_dealt":40,"minecraft:leave_game":2,"minecraft:time_since_death":53334,"minecraft:total_world_time":53334,"minecraft:fly_one_cm":128449,"minecraft:interact_with_crafting_table":3,"minecraft:fall_one_cm":1672},"minecraft:used":{"minecraft:crafting_table":1,"minecraft:wooden_pickaxe":14,"minecraft:spruce_log":3},"minecraft:crafted":{"minecraft:stone_sword":1,"epicfight:stone_spear":1,"minecraft:stone_axe":1,"minecraft:crafting_table":1,"minecraft:spruce_planks":16,"minecraft:stick":12,"minecraft:stone_pickaxe":2,"minecraft:wooden_pickaxe":1},"minecraft:mined":{"minecraft:podzol":3,"minecraft:dirt":6,"minecraft:spruce_log":12,"minecraft:stone":14,"minecraft:fern":1},"minecraft:picked_up":{"minecraft:spruce_planks":28,"minecraft:spruce_log":12,"minecraft:dirt":9,"minecraft:cobblestone":14},"minecraft:dropped":{"minecraft:spruce_planks":28}},"DataVersion":3120}