{"stats":{"minecraft:mined":{"minecraft:grass":1,"minecraft:grass_block":2,"minecraft:spruce_sapling":1,"minecraft:spruce_leaves":1},"minecraft:picked_up":{"minecraft:spruce_sapling":2,"minecraft:dirt":2},"minecraft:custom":{"minecraft:time_since_rest":4681,"enigmaticlegacy:play_time_with_seven_curses":0,"minecraft:crouch_one_cm":100,"minecraft:play_time":4681,"minecraft:sprint_one_cm":6727,"minecraft:damage_taken":80,"minecraft:walk_one_cm":2352,"minecraft:sneak_time":37,"minecraft:walk_under_water_one_cm":25,"minecraft:jump":61,"minecraft:time_since_death":4681,"minecraft:walk_on_water_one_cm":340,"enigmaticlegacy:play_time_without_seven_curses":4681,"minecraft:total_world_time":4681,"minecraft:swim_one_cm":6128,"minecraft:fall_one_cm":2892,"minecraft:fly_one_cm":33586},"minecraft:used":{"minecraft:dirt":2,"minecraft:spruce_sapling":2}},"DataVersion":3120}