{"stats":{"minecraft:custom":{"minecraft:open_barrel":3,"minecraft:time_since_rest":1,"minecraft:crouch_one_cm":191,"minecraft:sneak_time":26,"minecraft:deaths":1,"minecraft:play_time":5239,"minecraft:sprint_one_cm":89199,"minecraft:damage_taken":215,"minecraft:walk_one_cm":14099,"minecraft:walk_under_water_one_cm":150,"minecraft:jump":152,"minecraft:walk_on_water_one_cm":991,"minecraft:time_since_death":1541,"minecraft:total_world_time":5239,"minecraft:swim_one_cm":5272,"minecraft:fly_one_cm":81015,"minecraft:fall_one_cm":2805},"minecraft:used":{"delchoco:gysahl_green":10},"minecraft:mined":{"botania:purple_mystical_flower":4,"botania:magenta_mystical_flower":2,"botania:orange_mystical_flower":1,"delchoco:gysahl_green":18,"botania:orange_double_flower":1,"botania:red_mystical_flower":5,"minecraft:spruce_leaves":7,"minecraft:fern":3},"minecraft:picked_up":{"delchoco:gysahl_green_seeds":18,"delchoco:gysahl_green":51,"botania:red_mystical_flower":5,"botania:orange_double_flower":1,"botania:magenta_mystical_flower":2,"minecraft:wheat_seeds":2,"botania:purple_mystical_flower":4,"botania:orange_mystical_flower":1,"minecraft:spruce_sapling":2}},"DataVersion":3120}