{"stats":{"minecraft:custom":{"minecraft:time_since_rest":1,"minecraft:waystone_activated":1,"minecraft:sprint_one_cm":290556,"minecraft:damage_taken":651,"minecraft:walk_one_cm":47574,"minecraft:swim_one_cm":6346,"minecraft:fly_one_cm":379884,"minecraft:open_barrel":3,"minecraft:crouch_one_cm":1179,"minecraft:play_time":17239,"minecraft:deaths":3,"minecraft:sneak_time":174,"minecraft:walk_under_water_one_cm":180,"minecraft:jump":750,"minecraft:time_since_death":1231,"minecraft:walk_on_water_one_cm":1451,"minecraft:climb_one_cm":192,"minecraft:total_world_time":17239,"minecraft:fall_one_cm":8744},"minecraft:used":{"minecraft:dirt":3,"delchoco:gysahl_green":13,"minecraft:potato":10},"minecraft:killed_by":{"iceandfire:ice_dragon":1,"minecraft:stray":1},"minecraft:mined":{"minecraft:podzol":1,"botania:green_mystical_flower":1,"botania:cyan_mystical_flower":7,"botania:lime_mystical_flower":7,"botania:purple_mystical_flower":4,"botania:magenta_mystical_flower":2,"botania:orange_mystical_flower":1,"delchoco:gysahl_green":23,"botania:orange_double_flower":1,"botania:red_mystical_flower":7,"botania:lime_double_flower":1,"botania:white_mystical_flower":3,"minecraft:grass_block":2,"botania:black_double_flower":1,"botania:brown_mystical_flower":4,"minecraft:spruce_leaves":7,"botania:light_gray_double_flower":1,"botania:light_blue_mystical_flower":5,"botania:black_mystical_flower":7,"botania:light_gray_mystical_flower":7,"farmersdelight:wild_potatoes":10,"minecraft:fern":7},"minecraft:picked_up":{"delchoco:gysahl_green_seeds":24,"botania:red_mystical_flower":7,"delchoco:gysahl_green":60,"botania:black_double_flower":1,"minecraft:potato":10,"botania:lime_double_flower":1,"minecraft:spruce_sapling":2,"minecraft:dirt":3,"botania:light_blue_mystical_flower":5,"botania:black_mystical_flower":7,"botania:white_mystical_flower":3,"botania:cyan_mystical_flower":7,"botania:magenta_mystical_flower":2,"botania:orange_double_flower":1,"botania:lime_mystical_flower":6,"botania:light_gray_double_flower":1,"botania:light_gray_mystical_flower":7,"minecraft:wheat_seeds":2,"botania:purple_mystical_flower":4,"botania:orange_mystical_flower":1,"botania:green_mystical_flower":1,"botania:brown_mystical_flower":4}},"DataVersion":3120}