{"stats":{"minecraft:custom":{"minecraft:interact_with_furnace":2,"minecraft:time_since_rest":5455,"minecraft:waystone_activated":1,"minecraft:sprint_one_cm":382933,"minecraft:damage_taken":651,"minecraft:walk_one_cm":71966,"minecraft:swim_one_cm":13141,"minecraft:interact_with_crafting_table":1,"minecraft:fly_one_cm":527878,"minecraft:open_barrel":3,"minecraft:crouch_one_cm":1477,"minecraft:play_time":23862,"minecraft:deaths":3,"minecraft:sneak_time":248,"minecraft:walk_under_water_one_cm":228,"minecraft:jump":1060,"minecraft:leave_game":1,"minecraft:time_since_death":7854,"minecraft:walk_on_water_one_cm":3152,"minecraft:climb_one_cm":192,"minecraft:total_world_time":23862,"minecraft:fall_one_cm":12748},"minecraft:used":{"minecraft:light_gray_carpet":1,"minecraft:dirt":5,"delchoco:gysahl_green":19,"minecraft:white_carpet":2,"minecraft:potato":10},"minecraft:killed_by":{"iceandfire:ice_dragon":1,"minecraft:stray":1},"minecraft:mined":{"minecraft:podzol":1,"botania:green_mystical_flower":1,"botania:cyan_mystical_flower":7,"botania:lime_mystical_flower":7,"botania:purple_mystical_flower":11,"botania:magenta_mystical_flower":8,"botania:orange_mystical_flower":3,"delchoco:gysahl_green":32,"botania:orange_double_flower":2,"botania:red_mystical_flower":14,"minecraft:white_carpet":2,"botania:lime_double_flower":1,"botania:white_mystical_flower":3,"minecraft:grass_block":4,"botania:black_double_flower":1,"botania:blue_mystical_flower":6,"botania:brown_mystical_flower":4,"minecraft:spruce_leaves":7,"botania:light_gray_double_flower":1,"botania:light_blue_mystical_flower":5,"botania:black_mystical_flower":10,"botania:light_gray_mystical_flower":7,"farmersdelight:wild_potatoes":10,"minecraft:fern":7,"iceandfire:lightning_lily":2,"minecraft:light_gray_carpet":1},"minecraft:picked_up":{"delchoco:gysahl_green_seeds":33,"botania:red_mystical_flower":14,"delchoco:gysahl_green":81,"iceandfire:dragonbone":44,"simplehats:floweronhead":1,"botania:black_double_flower":1,"minecraft:potato":10,"botania:lime_double_flower":1,"minecraft:spruce_sapling":2,"minecraft:dirt":5,"iceandfire:lightning_lily":2,"iceandfire:dragon_skull_ice":2,"botania:light_blue_mystical_flower":5,"botania:black_mystical_flower":10,"botania:white_mystical_flower":3,"minecraft:white_carpet":2,"botania:cyan_mystical_flower":7,"botania:magenta_mystical_flower":8,"botania:orange_double_flower":2,"botania:lime_mystical_flower":6,"botania:light_gray_double_flower":1,"botania:light_gray_mystical_flower":7,"minecraft:wheat_seeds":2,"botania:purple_mystical_flower":11,"botania:orange_mystical_flower":3,"botania:blue_mystical_flower":6,"minecraft:light_gray_carpet":1,"botania:green_mystical_flower":1,"botania:brown_mystical_flower":4}},"DataVersion":3120}