{"stats":{"minecraft:killed_by":{"minecraft:player":2},"minecraft:mined":{"delchoco:gysahl_green":34,"mekanism:osmium_ore":2,"iceandfire:silver_ore":1,"minecraft:smoker":1,"minecraft:crafting_table":2,"minecraft:blast_furnace":1,"minecraft:grass_block":11,"minecraft:tall_grass":16,"minecraft:lapis_ore":5,"arclight:cloudstone":1,"minecraft:diorite":12,"supplementaries:urn":3,"minecraft:furnace":1,"occultism:otherstone_natural":8,"minecraft:iron_ore":11,"minecraft:orange_tulip":1,"minecraft:grass":22,"minecraft:oak_log":19,"minecraft:pointed_dripstone":1,"minecraft:coal_ore":19,"delightful:mini_melon":9,"minecraft:dirt":9,"minecraft:stone":95,"minecraft:oak_leaves":2},"minecraft:crafted":{"minecraft:cooked_beef":7,"minecraft:smooth_stone":3,"minecraft:oak_planks":40,"minecraft:crafting_table":1,"minecraft:wooden_pickaxe":1,"minecraft:furnace":3,"minecraft:blast_furnace":1,"minecraft:stone":3,"minecraft:stone_axe":1,"minecraft:cooked_mutton":7,"minecraft:air":0,"minecraft:stick":24,"minecraft:iron_ingot":8,"minecraft:iron_pickaxe":1,"minecraft:stone_pickaxe":1,"minecraft:smoker":1},"minecraft:broken":{"minecraft:stone_pickaxe":1},"minecraft:killed":{"naturalist:snail":1,"minecraft:sheep":9,"minecraft:cow":7},"minecraft:used":{"minecraft:diorite":2,"minecraft:stone_pickaxe":131,"minecraft:wooden_pickaxe":21,"minecraft:dirt":20,"minecraft:crafting_table":2,"minecraft:blast_furnace":1,"minecraft:smoker":1,"minecraft:iron_pickaxe":14,"minecraft:stone_axe":33,"delchoco:gysahl_green":5,"delchoco:gysahl_green_seeds":16,"minecraft:furnace":1,"tombstone:gift":2},"minecraft:custom":{"minecraft:interact_with_furnace":14,"minecraft:mob_kills":17,"minecraft:interact_with_crafting_table":14,"minecraft:damage_dealt_resisted":0,"minecraft:time_since_death":27872,"minecraft:climb_one_cm":246,"minecraft:time_since_rest":26604,"minecraft:sprint_one_cm":142400,"minecraft:damage_taken":495,"minecraft:walk_one_cm":158163,"minecraft:drop":8,"minecraft:damage_dealt":1675,"minecraft:swim_one_cm":12872,"minecraft:fly_one_cm":222184,"minecraft:player_kills":1,"minecraft:crouch_one_cm":3896,"minecraft:play_time":40561,"minecraft:deaths":2,"minecraft:sneak_time":457,"minecraft:walk_under_water_one_cm":4272,"tombstone:tomb_raiding":1,"minecraft:jump":676,"minecraft:interact_with_blast_furnace":4,"minecraft:walk_on_water_one_cm":6564,"minecraft:interact_with_smoker":6,"minecraft:total_world_time":40561,"minecraft:fall_one_cm":9288,"minecraft:horse_one_cm":11921},"minecraft:dropped":{"minecraft:stone_axe":1,"minecraft:wheat_seeds":1,"minecraft:orange_tulip":1,"patchouli:guide_book":3,"minecraft:diorite":10,"minecraft:brown_wool":1},"minecraft:picked_up":{"simplehats:cat_on_head":1,"occultism:datura_seeds":1,"delchoco:gysahl_green_seeds":37,"minecraft:crafting_table":2,"minecraft:brown_wool":1,"minecraft:andesite":8,"minecraft:leather":13,"minecraft:smoker":1,"minecraft:oak_log":18,"minecraft:lapis_lazuli":36,"minecraft:dirt":20,"minecraft:wheat_seeds":4,"delightful:mini_melon":9,"minecraft:orange_tulip":1,"minecraft:beef":13,"minecraft:light_gray_wool":1,"minecraft:iron_boots":1,"hexerei:animal_fat":3,"minecraft:raw_iron":11,"delchoco:gysahl_green":50,"patchouli:guide_book":6,"delchoco:lovely_gysahl_green":1,"minecraft:torch":9,"iceandfire:silver_ore":1,"minecraft:blast_furnace":1,"minecraft:pointed_dripstone":2,"minecraft:diorite":12,"mekanism:raw_osmium":2,"arclight:cloudstone_cobbled":1,"hexerei:sage_seed":4,"minecraft:rotten_flesh":1,"minecraft:stone_axe":1,"minecraft:mutton":12,"minecraft:coal":25,"minecraft:white_wool":7,"minecraft:cobblestone":95}},"DataVersion":3120}