{"stats":{"minecraft:killed_by":{"minecraft:player":2,"minecraft:creeper":1},"minecraft:crafted":{"minecraft:smooth_stone":3,"minecraft:oak_planks":72,"minecraft:iron_nugget":9,"spartanshields:wooden_tower_shield":1,"minecraft:furnace":4,"minecraft:blast_furnace":1,"minecraft:stone":4,"create_sa:copper_helmet":1,"minecraft:cooked_mutton":12,"sophisticatedbackpacks:copper_backpack":1,"spartanshields:copper_tower_shield":1,"create:millstone":1,"minecraft:stone_pickaxe":1,"minecraft:chest":1,"create:cogwheel":4,"create_sa:copper_pickaxe":1,"minecraft:smoker":1,"minecraft:cooked_beef":11,"arclight:copper_axe":1,"create:andesite_alloy":4,"sophisticatedbackpacks:backpack":1,"minecraft:crafting_table":1,"minecraft:wooden_pickaxe":1,"minecraft:copper_ingot":29,"minecraft:stone_axe":1,"minecraft:air":0,"create:water_wheel":1,"minecraft:stick":44,"minecraft:iron_ingot":80,"minecraft:iron_pickaxe":1,"minecraft:iron_leggings":1,"create:large_cogwheel":2,"create:shaft":8,"minecraft:torch":32},"minecraft:mined":{"delchoco:gysahl_green":34,"create:millstone":3,"iceandfire:silver_ore":1,"create:andesite_casing":1,"minecraft:granite":2,"minecraft:grass_block":15,"create:large_cogwheel":3,"minecraft:furnace":2,"minecraft:iron_ore":80,"minecraft:andesite":19,"minecraft:bookshelf":9,"minecraft:pointed_dripstone":1,"minecraft:stone":151,"minecraft:white_wool":2,"create:limestone":1,"mekanism:osmium_ore":2,"minecraft:smoker":3,"minecraft:crafting_table":6,"minecraft:torch":7,"minecraft:blast_furnace":5,"mekanism:tin_ore":22,"create:water_wheel":1,"minecraft:copper_ore":14,"minecraft:tall_grass":17,"minecraft:cobblestone":7,"minecraft:lapis_ore":7,"minecraft:oak_planks":15,"arclight:cloudstone":1,"minecraft:diorite":12,"minecraft:wall_torch":1,"supplementaries:urn":6,"occultism:otherstone_natural":8,"mekanism:fluorite_ore":2,"xp_veins:xp_ore":5,"minecraft:tnt":1,"minecraft:orange_tulip":1,"minecraft:grass":29,"botania:gray_mushroom":1,"minecraft:coal_ore":51,"minecraft:oak_log":32,"delightful:mini_melon":13,"minecraft:gravel":5,"minecraft:dirt":9,"minecraft:gold_ore":15,"minecraft:oak_leaves":2},"minecraft:broken":{"minecraft:stone_pickaxe":1,"minecraft:stone_axe":1},"minecraft:killed":{"vampirism:vampire":2,"naturalist:snail":2,"minecraft:skeleton":2,"majruszsdifficulty:creeperling":1,"minecraft:zombie_villager":1,"majruszsdifficulty:cursed_armor":1,"minecraft:creeper":1,"minecraft:sheep":10,"minecraft:zombie":10,"minecraft:cow":7},"minecraft:used":{"create_sa:copper_pickaxe":91,"minecraft:torch":46,"minecraft:dirt":21,"create:millstone":3,"minecraft:furnace":2,"tombstone:gift":3,"minecraft:egg":1,"minecraft:cooked_beef":3,"minecraft:cooked_mutton":12,"epicfight:skillbook":1,"minecraft:diorite":2,"minecraft:stone_pickaxe":131,"minecraft:oak_planks":15,"arclight:cloudstone_cobbled":1,"minecraft:wooden_pickaxe":26,"minecraft:white_wool":2,"minecraft:crafting_table":6,"minecraft:blast_furnace":5,"create_sa:copper_helmet":1,"minecraft:smoker":3,"minecraft:oak_log":1,"minecraft:apple":1,"minecraft:iron_pickaxe":194,"create:water_wheel":1,"spartanshields:copper_tower_shield":4,"minecraft:gravel":1,"arclight:copper_axe":46,"minecraft:stone_axe":91,"minecraft:cobblestone":48,"delchoco:gysahl_green":5,"delchoco:gysahl_green_seeds":16,"minecraft:andesite":1,"create:large_cogwheel":4},"minecraft:custom":{"minecraft:mob_kills":37,"minecraft:interact_with_crafting_table":41,"minecraft:damage_dealt_resisted":0,"minecraft:leave_game":1,"minecraft:time_since_death":32456,"minecraft:climb_one_cm":246,"minecraft:damage_resisted":0,"minecraft:sprint_one_cm":302806,"minecraft:walk_one_cm":446739,"minecraft:damage_blocked_by_shield":150,"minecraft:drop":28,"minecraft:play_time":105131,"minecraft:deaths":3,"minecraft:sneak_time":5049,"minecraft:walk_under_water_one_cm":6132,"tombstone:tomb_raiding":1,"minecraft:jump":1948,"minecraft:interact_with_blast_furnace":36,"minecraft:walk_on_water_one_cm":15285,"minecraft:total_world_time":105131,"minecraft:interact_with_furnace":17,"minecraft:time_since_rest":30057,"minecraft:damage_taken":1727,"minecraft:trigger_trapped_chest":7,"minecraft:damage_dealt":5831,"minecraft:swim_one_cm":20381,"minecraft:fly_one_cm":609537,"minecraft:player_kills":1,"minecraft:open_chest":27,"minecraft:crouch_one_cm":33233,"tombstone:undead_killed":13,"minecraft:interact_with_smoker":13,"minecraft:fall_one_cm":35153,"minecraft:horse_one_cm":11921},"minecraft:dropped":{"botania:gray_mushroom":1,"minecraft:wheat_seeds":3,"minecraft:tnt":3,"minecraft:orange_tulip":1,"arclight:cloudstone_cobbled":1,"delchoco:gysahl_green_seeds":1,"minecraft:diorite":10,"minecraft:brown_wool":1,"tombstone:grave_dust":2,"minecraft:white_wool":8,"minecraft:stone_axe":1,"hexerei:animal_fat":3,"minecraft:iron_nugget":1,"minecraft:pointed_dripstone":4,"patchouli:guide_book":3,"create:limestone":1},"minecraft:picked_up":{"simplehats:cat_on_head":1,"minecraft:crafting_table":6,"simplehats:hatbag_rare":1,"minecraft:raw_copper":110,"create:limestone":1,"arclight:copper_axe":1,"create:water_wheel":1,"minecraft:beef":13,"minecraft:light_gray_wool":1,"simplehats:vikinghatbeard":1,"minecraft:egg":1,"minecraft:iron_boots":1,"minecraft:furnace":1,"minecraft:raw_iron":80,"simplehats:orange_hat":1,"delchoco:gysahl_green":50,"apotheosis:gem":4,"minecraft:copper_ingot":1,"minecraft:torch":26,"delchoco:lovely_gysahl_green":1,"create:andesite_casing":2,"iceandfire:silver_ore":1,"epicfight:skillbook":1,"tombstone:grave_dust":6,"minecraft:pointed_dripstone":4,"minecraft:diorite":12,"mekanism:raw_tin":22,"minecraft:tnt":3,"create:large_cogwheel":3,"hexerei:sage_seed":4,"minecraft:rotten_flesh":10,"supplementaries:ash":2,"minecraft:mutton":14,"minecraft:cobblestone":157,"minecraft:white_wool":10,"occultism:datura_seeds":1,"delchoco:gysahl_green_seeds":39,"minecraft:cooked_beef":2,"minecraft:andesite":27,"minecraft:leather":13,"minecraft:brown_wool":1,"minecraft:smoker":3,"minecraft:flint":3,"minecraft:oak_log":31,"minecraft:lapis_lazuli":44,"minecraft:dirt":27,"minecraft:bone":4,"minecraft:apple":1,"minecraft:orange_tulip":1,"delightful:mini_melon":13,"minecraft:wheat_seeds":5,"minecraft:raw_gold":15,"botania:gray_mushroom":2,"simplehats:hatbag_uncommon":2,"minecraft:oak_planks":15,"hexerei:animal_fat":3,"minecraft:book":27,"patchouli:guide_book":6,"minecraft:gravel":2,"minecraft:blast_furnace":5,"mekanism:raw_osmium":2,"arclight:cloudstone_cobbled":2,"simplehats:jesterhat":1,"simplehats:hockeymask":1,"create:millstone":3,"simplehats:hatbag_halloween":1,"minecraft:stone_axe":1,"mekanism:fluorite_gem":6,"minecraft:granite":9,"minecraft:coal":58}},"DataVersion":3120}