{"stats":{"minecraft:broken":{"minecraft:stone_pickaxe":1,"minecraft:stone_axe":1},"minecraft:dropped":{"botania:gray_mushroom":1,"minecraft:wheat_seeds":4,"minecraft:tnt":3,"minecraft:orange_tulip":1,"arclight:cloudstone_cobbled":1,"minecraft:dirt":1,"delchoco:gysahl_green_seeds":1,"minecraft:diorite":10,"delchoco:chocobo_feather":1,"minecraft:brown_wool":1,"tombstone:grave_dust":2,"minecraft:string":2,"minecraft:white_wool":9,"minecraft:stone_axe":1,"hexerei:animal_fat":3,"minecraft:iron_nugget":1,"minecraft:pointed_dripstone":4,"minecraft:oak_planks":4,"patchouli:guide_book":3,"create:limestone":1,"naturalist:duck":2},"minecraft:used":{"vampirism:heart_seeker_enhanced":6,"minecraft:iron_sword":83,"create_sa:copper_pickaxe":110,"minecraft:torch":49,"minecraft:dirt":41,"create:millstone":3,"minecraft:furnace":3,"tombstone:gift":5,"minecraft:egg":1,"minecraft:cooked_beef":13,"minecraft:cooked_mutton":12,"epicfight:skillbook":1,"minecraft:diorite":2,"vampirism:altar_inspiration":1,"minecraft:stone_pickaxe":131,"minecraft:oak_planks":15,"arclight:cloudstone_cobbled":1,"minecraft:wooden_pickaxe":26,"minecraft:sandstone":1,"naturalist:duck_egg":1,"minecraft:white_wool":2,"minecraft:sand":4,"minecraft:crafting_table":7,"minecraft:blast_furnace":5,"create_sa:copper_helmet":1,"minecraft:dripstone_block":5,"minecraft:smoker":3,"minecraft:oak_log":1,"minecraft:apple":1,"minecraft:iron_pickaxe":194,"create:water_wheel":1,"spartanshields:copper_tower_shield":27,"arclight:copper_axe":122,"minecraft:gravel":1,"minecraft:stone_axe":91,"iceandfire:dragon_skull_fire":1,"minecraft:cobblestone":49,"delchoco:gysahl_green_seeds":16,"delchoco:gysahl_green":5,"minecraft:andesite":1,"vampirism:med_chair":1,"create:large_cogwheel":4},"minecraft:picked_up":{"simplehats:cat_on_head":1,"minecraft:crafting_table":7,"simplehats:hatbag_rare":1,"minecraft:lead":3,"minecraft:enchanted_book":1,"minecraft:string":5,"minecraft:raw_copper":110,"create:limestone":1,"arclight:copper_axe":1,"create:water_wheel":1,"minecraft:beef":16,"delchoco:yellow_chocobo_spawn_egg":1,"minecraft:light_gray_wool":1,"simplehats:vikinghatbeard":1,"minecraft:sandstone":1,"minecraft:furnace":2,"minecraft:iron_boots":1,"minecraft:egg":1,"delchoco:gysahl_green":54,"iceandfire:pixie_dust":2,"minecraft:raw_iron":80,"simplehats:orange_hat":1,"iceandfire:dragonbone":5,"apotheosis:gem":4,"naturalist:duck":2,"delchoco:chocobo_feather":9,"minecraft:copper_ingot":1,"minecraft:torch":26,"delchoco:lovely_gysahl_green":1,"create:andesite_casing":2,"iceandfire:silver_ore":1,"epicfight:skillbook":1,"minecraft:diorite":12,"minecraft:pointed_dripstone":7,"tombstone:grave_dust":6,"vampirism:vampire_fang":7,"mekanism:raw_tin":22,"minecraft:tnt":3,"create:large_cogwheel":3,"hexerei:sage_seed":7,"minecraft:arrow":5,"minecraft:rotten_flesh":10,"vampirism:altar_inspiration":1,"delchoco:chocobo_drumstick_raw":1,"supplementaries:ash":2,"minecraft:mutton":18,"minecraft:white_wool":14,"minecraft:cobblestone":158,"vampirism:vampire_blood_bottle":1,"occultism:datura_seeds":1,"delchoco:gysahl_green_seeds":41,"minecraft:cooked_beef":2,"vampirism:med_chair":1,"minecraft:andesite":27,"minecraft:brown_wool":1,"minecraft:leather":27,"minecraft:smoker":3,"minecraft:flint":3,"minecraft:oak_log":31,"minecraft:lapis_lazuli":44,"minecraft:dirt":57,"minecraft:bone":8,"vampirism:human_heart":1,"minecraft:apple":1,"minecraft:wheat_seeds":7,"minecraft:bow":1,"delightful:mini_melon":13,"minecraft:orange_tulip":1,"minecraft:raw_gold":15,"botania:gray_mushroom":2,"simplehats:hatbag_uncommon":3,"minecraft:iron_sword":1,"minecraft:oak_planks":15,"minecraft:book":27,"hexerei:animal_fat":3,"patchouli:guide_book":6,"minecraft:dripstone_block":5,"minecraft:gravel":2,"iceandfire:dragon_skull_fire":2,"minecraft:sand":25,"minecraft:blast_furnace":5,"minecraft:lily_of_the_valley":1,"mekanism:raw_osmium":2,"minecraft:spider_eye":1,"naturalist:duck_egg":1,"arclight:cloudstone_cobbled":2,"simplehats:jesterhat":1,"simplehats:hockeymask":1,"create:millstone":3,"simplehats:hatbag_halloween":1,"minecraft:stone_axe":1,"mekanism:fluorite_gem":6,"minecraft:granite":9,"minecraft:coal":74},"minecraft:killed":{"naturalist:lion":1,"vampirism:vampire":13,"minecraft:spider":6,"naturalist:duck":1,"mekanismadditions:baby_skeleton":2,"naturalist:snail":2,"minecraft:skeleton":6,"majruszsdifficulty:creeperling":1,"vampirism:advanced_hunter":1,"minecraft:zombie_villager":1,"majruszsdifficulty:cursed_armor":1,"minecraft:creeper":1,"vampirism:hunter":5,"delchoco:chocobo":1,"minecraft:sheep":13,"minecraft:zombie":12,"iceandfire:pixie":1,"minecraft:cow":7},"minecraft:mined":{"create:millstone":3,"delchoco:gysahl_green":34,"iceandfire:silver_ore":1,"vampirism:altar_inspiration":1,"create:andesite_casing":1,"minecraft:granite":2,"minecraft:grass_block":28,"create:large_cogwheel":3,"minecraft:sandstone":4,"minecraft:furnace":3,"minecraft:iron_ore":80,"minecraft:andesite":19,"minecraft:bookshelf":9,"minecraft:pointed_dripstone":1,"minecraft:stone":152,"minecraft:white_wool":2,"create:limestone":1,"mekanism:osmium_ore":2,"minecraft:smoker":3,"minecraft:crafting_table":7,"minecraft:torch":8,"minecraft:blast_furnace":5,"mekanism:tin_ore":22,"create:water_wheel":1,"minecraft:copper_ore":14,"minecraft:tall_grass":21,"minecraft:cobblestone":7,"minecraft:lapis_ore":7,"minecraft:oak_planks":15,"arclight:cloudstone":1,"minecraft:diorite":12,"minecraft:wall_torch":3,"supplementaries:urn":6,"occultism:otherstone_natural":8,"mekanism:fluorite_ore":2,"xp_veins:xp_ore":5,"vampirism:med_chair":1,"minecraft:orange_tulip":1,"minecraft:tnt":1,"minecraft:grass":43,"botania:gray_mushroom":1,"minecraft:oak_log":32,"minecraft:coal_ore":51,"delightful:mini_melon":13,"minecraft:gravel":5,"minecraft:sand":25,"minecraft:dripstone_block":5,"minecraft:dirt":26,"minecraft:gold_ore":15,"minecraft:oak_leaves":2},"minecraft:custom":{"minecraft:mob_kills":106,"minecraft:interact_with_crafting_table":64,"minecraft:damage_dealt_resisted":868,"minecraft:leave_game":4,"minecraft:time_since_death":1847,"minecraft:damage_resisted":126,"minecraft:climb_one_cm":246,"minecraft:sprint_one_cm":651722,"minecraft:walk_one_cm":756797,"minecraft:damage_blocked_by_shield":1190,"minecraft:drop":37,"minecraft:talked_to_villager":2,"minecraft:play_time":192149,"minecraft:deaths":5,"minecraft:sneak_time":6047,"minecraft:walk_under_water_one_cm":19880,"tombstone:tomb_raiding":1,"minecraft:jump":3914,"minecraft:interact_with_blast_furnace":36,"minecraft:walk_on_water_one_cm":30027,"minecraft:total_world_time":192149,"spartanshields:shield_bash_hits":1,"minecraft:interact_with_furnace":37,"minecraft:time_since_rest":1548,"minecraft:damage_taken":4522,"minecraft:trigger_trapped_chest":7,"minecraft:damage_dealt":16282,"minecraft:player_kills":1,"minecraft:swim_one_cm":78874,"minecraft:fly_one_cm":1540561,"minecraft:open_chest":29,"minecraft:crouch_one_cm":42235,"tombstone:undead_killed":21,"minecraft:interact_with_smoker":13,"minecraft:fall_one_cm":84925,"minecraft:horse_one_cm":11921},"minecraft:killed_by":{"minecraft:player":2,"minecraft:creeper":1,"iceandfire:fire_dragon":2},"minecraft:crafted":{"minecraft:smooth_stone":3,"minecraft:oak_planks":72,"vampiresneedumbrellas:iron_umbrella_rod":2,"minecraft:iron_nugget":9,"spartanshields:wooden_tower_shield":1,"vampirism:med_chair":1,"minecraft:furnace":4,"minecraft:blast_furnace":1,"minecraft:stone":4,"create_sa:copper_helmet":1,"minecraft:white_carpet":3,"minecraft:cooked_mutton":12,"minecraft:glass_pane":16,"vampirism:injection_empty":1,"minecraft:glass":21,"sophisticatedbackpacks:copper_backpack":1,"vampirism:altar_inspiration":1,"spartanshields:copper_tower_shield":1,"create:millstone":1,"minecraft:stone_pickaxe":1,"minecraft:chest":1,"create:cogwheel":4,"create_sa:copper_pickaxe":1,"minecraft:smoker":1,"sophisticatedbackpacks:iron_backpack":2,"minecraft:cooked_beef":11,"minecraft:glass_bottle":9,"arclight:copper_axe":1,"create:andesite_alloy":4,"sophisticatedbackpacks:backpack":1,"minecraft:crafting_table":1,"minecraft:wooden_pickaxe":1,"minecraft:copper_ingot":29,"vampiresneedumbrellas:white_iron_umbrella":1,"minecraft:stone_axe":1,"minecraft:air":0,"create:water_wheel":1,"minecraft:stick":44,"minecraft:iron_ingot":80,"minecraft:iron_pickaxe":1,"vampirism:injection_sanguinare":1,"minecraft:iron_leggings":1,"create:large_cogwheel":2,"vampirism:blood_container":1,"create:shaft":8,"minecraft:torch":32}},"DataVersion":3120}