{"stats":{"minecraft:killed_by":{"minecraft:player":2},"minecraft:mined":{"mekanism:osmium_ore":2,"iceandfire:silver_ore":1,"create:millstone":3,"delchoco:gysahl_green":34,"minecraft:smoker":3,"create:andesite_casing":1,"minecraft:crafting_table":3,"minecraft:blast_furnace":3,"minecraft:grass_block":15,"create:large_cogwheel":3,"create:water_wheel":1,"minecraft:tall_grass":17,"minecraft:lapis_ore":5,"arclight:cloudstone":1,"minecraft:diorite":12,"supplementaries:urn":3,"minecraft:furnace":2,"occultism:otherstone_natural":8,"xp_veins:xp_ore":5,"minecraft:iron_ore":11,"minecraft:orange_tulip":1,"minecraft:grass":29,"minecraft:bookshelf":7,"minecraft:pointed_dripstone":1,"minecraft:oak_log":32,"minecraft:coal_ore":19,"delightful:mini_melon":13,"minecraft:dirt":9,"minecraft:stone":95,"minecraft:white_wool":2,"minecraft:oak_leaves":2},"minecraft:crafted":{"minecraft:cooked_beef":11,"minecraft:oak_planks":68,"minecraft:smooth_stone":3,"create:andesite_alloy":4,"sophisticatedbackpacks:backpack":1,"minecraft:crafting_table":1,"minecraft:iron_nugget":9,"minecraft:wooden_pickaxe":1,"minecraft:furnace":4,"minecraft:blast_furnace":1,"minecraft:stone":4,"minecraft:stone_axe":1,"minecraft:cooked_mutton":12,"minecraft:air":0,"create:water_wheel":1,"minecraft:stick":24,"create:millstone":1,"minecraft:iron_ingot":11,"minecraft:iron_pickaxe":1,"minecraft:stone_pickaxe":1,"minecraft:chest":1,"create:large_cogwheel":2,"create:shaft":8,"create:cogwheel":4,"minecraft:smoker":1},"minecraft:broken":{"minecraft:stone_pickaxe":1},"minecraft:killed":{"naturalist:snail":2,"minecraft:sheep":9,"minecraft:cow":7},"minecraft:used":{"minecraft:diorite":2,"minecraft:stone_pickaxe":131,"arclight:cloudstone_cobbled":1,"minecraft:wooden_pickaxe":26,"minecraft:white_wool":2,"minecraft:dirt":21,"minecraft:crafting_table":3,"minecraft:blast_furnace":3,"minecraft:smoker":3,"minecraft:oak_log":1,"minecraft:iron_pickaxe":29,"create:water_wheel":1,"create:millstone":3,"minecraft:stone_axe":63,"minecraft:cobblestone":4,"delchoco:gysahl_green":5,"delchoco:gysahl_green_seeds":16,"minecraft:furnace":2,"tombstone:gift":2,"create:large_cogwheel":4},"minecraft:custom":{"minecraft:interact_with_furnace":17,"minecraft:mob_kills":18,"minecraft:interact_with_crafting_table":28,"minecraft:damage_dealt_resisted":0,"minecraft:leave_game":1,"minecraft:time_since_death":44442,"minecraft:climb_one_cm":246,"minecraft:damage_resisted":0,"minecraft:time_since_rest":43174,"minecraft:sprint_one_cm":171419,"minecraft:damage_taken":503,"minecraft:walk_one_cm":222003,"minecraft:trigger_trapped_chest":6,"minecraft:drop":20,"minecraft:damage_dealt":1695,"minecraft:swim_one_cm":12872,"minecraft:player_kills":1,"minecraft:fly_one_cm":306089,"minecraft:play_time":57131,"minecraft:crouch_one_cm":6226,"minecraft:deaths":2,"minecraft:sneak_time":748,"minecraft:walk_under_water_one_cm":4272,"tombstone:tomb_raiding":1,"minecraft:jump":892,"minecraft:interact_with_blast_furnace":11,"minecraft:walk_on_water_one_cm":7943,"minecraft:total_world_time":57131,"minecraft:interact_with_smoker":13,"minecraft:fall_one_cm":12748,"minecraft:horse_one_cm":11921},"minecraft:dropped":{"minecraft:stone_axe":1,"hexerei:animal_fat":3,"minecraft:wheat_seeds":3,"minecraft:iron_nugget":1,"minecraft:pointed_dripstone":4,"minecraft:orange_tulip":1,"arclight:cloudstone_cobbled":1,"patchouli:guide_book":3,"delchoco:gysahl_green_seeds":1,"minecraft:diorite":10,"minecraft:brown_wool":1,"minecraft:white_wool":7},"minecraft:picked_up":{"simplehats:cat_on_head":1,"occultism:datura_seeds":1,"delchoco:gysahl_green_seeds":39,"minecraft:crafting_table":3,"minecraft:cooked_beef":2,"minecraft:andesite":8,"minecraft:brown_wool":1,"minecraft:leather":13,"minecraft:smoker":3,"minecraft:oak_log":31,"minecraft:lapis_lazuli":36,"minecraft:dirt":24,"create:water_wheel":1,"minecraft:wheat_seeds":5,"delightful:mini_melon":13,"minecraft:orange_tulip":1,"minecraft:beef":13,"minecraft:light_gray_wool":1,"minecraft:iron_boots":1,"minecraft:furnace":1,"minecraft:book":21,"hexerei:animal_fat":3,"minecraft:raw_iron":11,"delchoco:gysahl_green":50,"patchouli:guide_book":6,"minecraft:torch":9,"delchoco:lovely_gysahl_green":1,"create:andesite_casing":2,"iceandfire:silver_ore":1,"minecraft:pointed_dripstone":4,"minecraft:blast_furnace":3,"minecraft:diorite":12,"mekanism:raw_osmium":2,"arclight:cloudstone_cobbled":2,"create:large_cogwheel":3,"hexerei:sage_seed":4,"create:millstone":3,"minecraft:rotten_flesh":1,"minecraft:stone_axe":1,"minecraft:mutton":12,"minecraft:coal":25,"minecraft:white_wool":9,"minecraft:cobblestone":95}},"DataVersion":3120}