{"stats":{"minecraft:custom":{"minecraft:time_since_rest":3142,"minecraft:sprint_one_cm":57697,"minecraft:damage_taken":450,"minecraft:walk_one_cm":93503,"minecraft:mob_kills":1,"minecraft:drop":3,"minecraft:damage_dealt":297,"minecraft:interact_with_crafting_table":7,"minecraft:fly_one_cm":36702,"minecraft:open_barrel":17,"minecraft:open_chest":3,"minecraft:crouch_one_cm":2442,"minecraft:play_time":11681,"tombstone:undead_killed":1,"minecraft:deaths":1,"minecraft:sneak_time":316,"minecraft:jump":153,"minecraft:leave_game":1,"minecraft:time_since_death":10074,"minecraft:sleep_in_bed":1,"minecraft:total_world_time":11681,"minecraft:fall_one_cm":2778},"minecraft:used":{"minecraft:wooden_axe":5,"minecraft:stone_pickaxe":38,"minecraft:wooden_pickaxe":4,"minecraft:wooden_sword":6,"minecraft:crafting_table":3,"tombstone:gift":2,"minecraft:brown_bed":1},"minecraft:crafted":{"minecraft:wooden_sword":1,"minecraft:crafting_table":1,"minecraft:spruce_planks":4,"minecraft:stick":8,"minecraft:stone_pickaxe":1,"minecraft:wooden_pickaxe":1,"minecraft:wooden_axe":1,"minecraft:dark_oak_planks":16},"minecraft:killed_by":{"iceandfire:ghost":1},"minecraft:mined":{"minecraft:mossy_cobblestone":2,"minecraft:iron_ore":3,"minecraft:wheat":5,"minecraft:stripped_dark_oak_log":4,"minecraft:spruce_log":1,"minecraft:brewing_stand":1,"minecraft:crafting_table":3,"minecraft:brown_bed":5,"minecraft:bookshelf":1,"minecraft:cobweb":6,"minecraft:copper_ore":3,"minecraft:cobblestone":11,"minecraft:stone":5},"minecraft:picked_up":{"minecraft:book":3,"minecraft:raw_iron":3,"minecraft:crafting_table":3,"minecraft:wheat":2,"minecraft:brown_bed":5,"minecraft:potion":1,"minecraft:brewing_stand":1,"minecraft:spruce_log":1,"minecraft:mossy_cobblestone":1,"minecraft:string":6,"minecraft:raw_copper":9,"minecraft:wheat_seeds":7,"minecraft:stone_pickaxe":1,"minecraft:stripped_dark_oak_log":4,"minecraft:cobblestone":16},"minecraft:dropped":{"minecraft:wheat_seeds":7,"minecraft:mossy_cobblestone":1,"minecraft:stone_pickaxe":1},"minecraft:killed":{"iceandfire:ghost":1}},"DataVersion":3120}