{"stats":{"minecraft:crafted":{"minecraft:crafting_table":1,"minecraft:stick":8,"minecraft:wooden_pickaxe":1,"minecraft:oak_planks":20},"minecraft:killed_by":{"minecraft:player":2},"minecraft:mined":{"minecraft:grass":19,"minecraft:grass_block":10,"minecraft:oak_log":9,"delightful:mini_melon":9,"delchoco:gysahl_green":27,"minecraft:dirt":3,"minecraft:tall_grass":16,"minecraft:oak_leaves":1},"minecraft:used":{"minecraft:dirt":5,"delchoco:gysahl_green_seeds":16,"minecraft:crafting_table":1,"tombstone:gift":2,"minecraft:wooden_pickaxe":4},"minecraft:custom":{"minecraft:deaths":2,"minecraft:time_since_rest":2604,"minecraft:play_time":16561,"minecraft:crouch_one_cm":617,"minecraft:sprint_one_cm":53882,"minecraft:damage_taken":465,"minecraft:walk_one_cm":43195,"minecraft:sneak_time":80,"minecraft:walk_under_water_one_cm":954,"tombstone:tomb_raiding":1,"minecraft:jump":240,"minecraft:damage_dealt":235,"minecraft:walk_on_water_one_cm":1460,"minecraft:time_since_death":3872,"minecraft:total_world_time":16561,"minecraft:interact_with_crafting_table":1,"minecraft:player_kills":1,"minecraft:fall_one_cm":2847,"minecraft:fly_one_cm":124475,"minecraft:horse_one_cm":11921},"minecraft:picked_up":{"simplehats:cat_on_head":1,"occultism:datura_seeds":1,"delchoco:gysahl_green_seeds":30,"delchoco:gysahl_green":35,"minecraft:rotten_flesh":1,"delightful:mini_melon":9,"minecraft:wheat_seeds":3,"minecraft:oak_log":8,"minecraft:dirt":13,"hexerei:sage_seed":2}},"DataVersion":3120}