{"stats":{"minecraft:custom":{"minecraft:time_since_rest":6871,"minecraft:sprint_one_cm":57849,"minecraft:damage_taken":588,"minecraft:walk_one_cm":145370,"minecraft:mob_kills":2,"minecraft:drop":9,"minecraft:damage_dealt":639,"minecraft:talked_to_villager":2,"minecraft:swim_one_cm":203877,"minecraft:interact_with_crafting_table":9,"minecraft:fly_one_cm":40829,"minecraft:open_barrel":21,"minecraft:open_chest":9,"minecraft:crouch_one_cm":2863,"minecraft:play_time":29555,"tombstone:undead_killed":1,"minecraft:deaths":2,"minecraft:sneak_time":1547,"minecraft:walk_under_water_one_cm":25817,"minecraft:boat_one_cm":715,"minecraft:jump":229,"minecraft:leave_game":1,"minecraft:walk_on_water_one_cm":9615,"minecraft:time_since_death":8257,"minecraft:sleep_in_bed":1,"minecraft:total_world_time":29555,"minecraft:fall_one_cm":3885},"minecraft:crafted":{"minecraft:wooden_sword":1,"minecraft:crafting_table":1,"minecraft:spruce_planks":12,"minecraft:stick":16,"minecraft:wooden_pickaxe":1,"minecraft:stone_pickaxe":1,"minecraft:wooden_axe":1,"minecraft:spruce_boat":1,"minecraft:dark_oak_planks":16},"minecraft:used":{"minecraft:spruce_boat":1,"minecraft:wooden_axe":21,"minecraft:stone_pickaxe":58,"minecraft:cooked_salmon":1,"minecraft:wooden_pickaxe":4,"minecraft:wooden_sword":6,"minecraft:crafting_table":4,"tombstone:gift":2,"minecraft:brown_bed":2},"minecraft:killed_by":{"iceandfire:ghost":1},"minecraft:mined":{"delchoco:gysahl_green":1,"minecraft:mossy_cobblestone":13,"minecraft:iron_ore":3,"minecraft:wheat":5,"minecraft:stripped_dark_oak_log":4,"minecraft:spruce_log":3,"minecraft:brewing_stand":1,"minecraft:crafting_table":4,"minecraft:brown_bed":5,"minecraft:bookshelf":1,"minecraft:cobweb":6,"minecraft:copper_ore":5,"minecraft:cobblestone":16,"minecraft:stone":7,"minecraft:fern":1},"minecraft:picked_up":{"minecraft:book":3,"delchoco:gysahl_green_seeds":1,"minecraft:raw_iron":3,"minecraft:crafting_table":4,"minecraft:wheat":2,"minecraft:brown_bed":5,"minecraft:potion":1,"minecraft:golden_boots":1,"minecraft:brewing_stand":1,"minecraft:spruce_log":3,"minecraft:mossy_cobblestone":5,"minecraft:string":6,"minecraft:raw_copper":19,"minecraft:wheat_seeds":7,"minecraft:stone_pickaxe":1,"minecraft:stripped_dark_oak_log":4,"minecraft:golden_helmet":1,"minecraft:cobblestone":23,"delchoco:gysahl_green":2},"minecraft:dropped":{"delchoco:chocobo_leash_stick":2,"minecraft:wheat_seeds":7,"tconstruct:materials_and_you":1,"minecraft:mossy_cobblestone":1,"tombstone:grave_dust":1,"delchoco:chocobo_whistle":2,"minecraft:stone_pickaxe":1},"minecraft:killed":{"iceandfire:ghost":1,"majruszsdifficulty:cursed_armor":1}},"DataVersion":3120}