{"stats":{"minecraft:broken":{"minecraft:golden_helmet":1},"minecraft:custom":{"minecraft:interact_with_furnace":5,"minecraft:mob_kills":5,"minecraft:interact_with_crafting_table":14,"minecraft:open_barrel":21,"minecraft:damage_dealt_resisted":0,"minecraft:leave_game":3,"minecraft:time_since_death":5350,"minecraft:sleep_in_bed":2,"minecraft:time_since_rest":2951,"minecraft:sprint_one_cm":80382,"minecraft:damage_taken":918,"minecraft:walk_one_cm":223758,"minecraft:drop":38,"minecraft:damage_dealt":1254,"minecraft:swim_one_cm":404610,"minecraft:fly_one_cm":71902,"minecraft:talked_to_villager":2,"minecraft:open_chest":12,"minecraft:play_time":50959,"minecraft:crouch_one_cm":7325,"tombstone:undead_killed":3,"minecraft:deaths":3,"minecraft:sneak_time":2845,"minecraft:walk_under_water_one_cm":41537,"minecraft:boat_one_cm":715,"minecraft:jump":523,"minecraft:walk_on_water_one_cm":16595,"minecraft:total_world_time":50959,"minecraft:fall_one_cm":6956},"minecraft:used":{"minecraft:stone_pickaxe":109,"minecraft:wooden_pickaxe":4,"minecraft:cooked_salmon":1,"minecraft:torch":2,"minecraft:crafting_table":5,"minecraft:spruce_boat":1,"minecraft:wooden_axe":21,"minecraft:iron_axe":2,"minecraft:iron_pickaxe":12,"minecraft:golden_sword":15,"minecraft:wooden_sword":6,"minecraft:magma_block":1,"minecraft:cobblestone":18,"delchoco:gysahl_green":15,"minecraft:furnace":1,"minecraft:cooked_cod":3,"tombstone:gift":2,"minecraft:brown_bed":4},"minecraft:crafted":{"minecraft:wooden_sword":1,"minecraft:crafting_table":1,"minecraft:spruce_planks":12,"minecraft:wooden_pickaxe":1,"minecraft:furnace":1,"minecraft:air":0,"minecraft:iron_axe":1,"minecraft:stick":16,"minecraft:iron_ingot":8,"minecraft:stone_pickaxe":1,"minecraft:iron_pickaxe":1,"minecraft:wooden_axe":1,"minecraft:iron_leggings":1,"minecraft:spruce_boat":1,"minecraft:dark_oak_planks":16,"minecraft:torch":20},"minecraft:killed_by":{"iceandfire:ghost":1},"minecraft:mined":{"delchoco:gysahl_green":22,"minecraft:mossy_cobblestone":13,"minecraft:stripped_dark_oak_log":4,"biomesoplenty:desert_grass":4,"minecraft:brewing_stand":1,"minecraft:crafting_table":5,"minecraft:grass_block":2,"minecraft:copper_ore":5,"minecraft:cobblestone":16,"minecraft:magma_block":1,"minecraft:furnace":1,"minecraft:iron_ore":13,"minecraft:wheat":5,"minecraft:spruce_log":3,"botania:gray_double_flower":1,"minecraft:brown_bed":8,"minecraft:grass":2,"minecraft:bookshelf":1,"minecraft:coal_ore":26,"minecraft:gravel":3,"minecraft:dirt":1,"minecraft:cobweb":6,"minecraft:stone":29,"minecraft:fern":1},"minecraft:picked_up":{"minecraft:wooden_axe":1,"minecraft:crafting_table":5,"delchoco:gysahl_green_seeds":22,"minecraft:magma_block":1,"minecraft:wheat":2,"minecraft:wooden_pickaxe":1,"minecraft:brown_bed":9,"minecraft:potion":2,"minecraft:enchanted_book":2,"tombstone:grave_key":1,"minecraft:brewing_stand":1,"minecraft:golden_boots":1,"minecraft:gunpowder":1,"minecraft:dirt":6,"minecraft:string":6,"minecraft:raw_copper":38,"irons_spellbooks:arcane_essence":1,"minecraft:wheat_seeds":7,"minecraft:stone_pickaxe":1,"minecraft:cobweb":10,"irons_spellbooks:blank_rune":1,"minecraft:furnace":1,"minecraft:book":3,"minecraft:golden_helmet":1,"minecraft:raw_iron":13,"delchoco:gysahl_green":60,"minecraft:spruce_log":3,"minecraft:mossy_cobblestone":5,"minecraft:rotten_flesh":2,"minecraft:spruce_boat":2,"minecraft:stripped_dark_oak_log":4,"minecraft:coal":30,"minecraft:cobblestone":65},"minecraft:dropped":{"minecraft:wheat_seeds":7,"irons_spellbooks:blank_rune":1,"minecraft:mossy_cobblestone":5,"minecraft:rotten_flesh":2,"minecraft:coal":4,"patchouli:guide_book":1,"minecraft:cobweb":2,"delchoco:chocobo_leash_stick":2,"minecraft:dirt":6,"minecraft:spruce_boat":1,"minecraft:gunpowder":1,"delchoco:gysahl_green_seeds":1,"tconstruct:materials_and_you":1,"tombstone:grave_key":1,"minecraft:wooden_axe":2,"minecraft:glowstone":1,"tombstone:grave_dust":1,"minecraft:brown_bed":2,"minecraft:wooden_sword":1,"delchoco:chocobo_whistle":2,"minecraft:wooden_pickaxe":2,"minecraft:stone_pickaxe":3},"minecraft:killed":{"majruszsdifficulty:cursed_armor":1,"irons_spellbooks:necromancer":1,"minecraft:creeper":1,"minecraft:zombie":1,"iceandfire:ghost":1}},"DataVersion":3120}