{"stats":{"minecraft:killed_by":{"minecraft:player":2,"minecraft:creeper":1},"minecraft:mined":{"delchoco:gysahl_green":34,"create:millstone":3,"iceandfire:silver_ore":1,"create:andesite_casing":1,"minecraft:granite":2,"minecraft:grass_block":26,"create:large_cogwheel":3,"minecraft:furnace":3,"minecraft:iron_ore":80,"minecraft:andesite":19,"minecraft:bookshelf":9,"minecraft:pointed_dripstone":1,"minecraft:stone":152,"minecraft:white_wool":2,"create:limestone":1,"mekanism:osmium_ore":2,"minecraft:smoker":3,"minecraft:crafting_table":6,"minecraft:torch":8,"minecraft:blast_furnace":5,"mekanism:tin_ore":22,"create:water_wheel":1,"minecraft:tall_grass":21,"minecraft:copper_ore":14,"minecraft:cobblestone":7,"minecraft:lapis_ore":7,"minecraft:oak_planks":15,"arclight:cloudstone":1,"minecraft:diorite":12,"minecraft:wall_torch":3,"supplementaries:urn":6,"occultism:otherstone_natural":8,"mekanism:fluorite_ore":2,"xp_veins:xp_ore":5,"vampirism:med_chair":1,"minecraft:tnt":1,"minecraft:orange_tulip":1,"minecraft:grass":43,"botania:gray_mushroom":1,"minecraft:oak_log":32,"minecraft:coal_ore":51,"delightful:mini_melon":13,"minecraft:dripstone_block":5,"minecraft:gravel":5,"minecraft:sand":21,"minecraft:dirt":26,"minecraft:gold_ore":15,"minecraft:oak_leaves":2},"minecraft:crafted":{"vampiresneedumbrellas:iron_umbrella_rod":2,"minecraft:oak_planks":72,"minecraft:smooth_stone":3,"minecraft:iron_nugget":9,"spartanshields:wooden_tower_shield":1,"vampirism:med_chair":1,"minecraft:furnace":4,"minecraft:blast_furnace":1,"minecraft:stone":4,"minecraft:white_carpet":3,"create_sa:copper_helmet":1,"minecraft:cooked_mutton":12,"minecraft:glass_pane":16,"vampirism:injection_empty":1,"minecraft:glass":21,"sophisticatedbackpacks:copper_backpack":1,"vampirism:altar_inspiration":1,"spartanshields:copper_tower_shield":1,"create:millstone":1,"minecraft:stone_pickaxe":1,"minecraft:chest":1,"create:cogwheel":4,"create_sa:copper_pickaxe":1,"sophisticatedbackpacks:iron_backpack":2,"minecraft:smoker":1,"minecraft:cooked_beef":11,"minecraft:glass_bottle":9,"arclight:copper_axe":1,"create:andesite_alloy":4,"sophisticatedbackpacks:backpack":1,"minecraft:crafting_table":1,"minecraft:wooden_pickaxe":1,"minecraft:copper_ingot":29,"vampiresneedumbrellas:white_iron_umbrella":1,"minecraft:stone_axe":1,"minecraft:air":0,"create:water_wheel":1,"minecraft:stick":44,"minecraft:iron_ingot":80,"minecraft:iron_pickaxe":1,"vampirism:injection_sanguinare":1,"minecraft:iron_leggings":1,"create:large_cogwheel":2,"vampirism:blood_container":1,"create:shaft":8,"minecraft:torch":32},"minecraft:broken":{"minecraft:stone_pickaxe":1,"minecraft:stone_axe":1},"minecraft:killed":{"naturalist:lion":1,"vampirism:vampire":13,"minecraft:spider":6,"naturalist:duck":1,"naturalist:snail":2,"minecraft:skeleton":6,"mekanismadditions:baby_skeleton":1,"majruszsdifficulty:creeperling":1,"minecraft:zombie_villager":1,"majruszsdifficulty:cursed_armor":1,"minecraft:creeper":1,"delchoco:chocobo":1,"minecraft:sheep":13,"minecraft:zombie":12,"iceandfire:pixie":1,"minecraft:cow":7},"minecraft:used":{"vampirism:heart_seeker_enhanced":6,"minecraft:iron_sword":30,"create_sa:copper_pickaxe":103,"minecraft:torch":49,"minecraft:dirt":39,"create:millstone":3,"minecraft:furnace":3,"tombstone:gift":3,"minecraft:egg":1,"minecraft:cooked_beef":13,"minecraft:cooked_mutton":12,"epicfight:skillbook":1,"minecraft:diorite":2,"vampirism:altar_inspiration":1,"minecraft:stone_pickaxe":131,"minecraft:oak_planks":15,"arclight:cloudstone_cobbled":1,"minecraft:wooden_pickaxe":26,"naturalist:duck_egg":1,"minecraft:white_wool":2,"minecraft:crafting_table":7,"minecraft:blast_furnace":5,"create_sa:copper_helmet":1,"minecraft:dripstone_block":5,"minecraft:smoker":3,"minecraft:oak_log":1,"minecraft:apple":1,"minecraft:iron_pickaxe":194,"create:water_wheel":1,"spartanshields:copper_tower_shield":27,"arclight:copper_axe":122,"minecraft:gravel":1,"minecraft:stone_axe":91,"minecraft:cobblestone":49,"delchoco:gysahl_green_seeds":16,"delchoco:gysahl_green":5,"minecraft:andesite":1,"vampirism:med_chair":1,"create:large_cogwheel":4},"minecraft:custom":{"minecraft:mob_kills":89,"minecraft:interact_with_crafting_table":64,"minecraft:damage_dealt_resisted":264,"minecraft:leave_game":2,"minecraft:time_since_death":98256,"minecraft:climb_one_cm":246,"minecraft:damage_resisted":109,"minecraft:sprint_one_cm":568218,"minecraft:walk_one_cm":677955,"minecraft:damage_blocked_by_shield":1190,"minecraft:drop":34,"minecraft:talked_to_villager":1,"minecraft:play_time":170931,"minecraft:deaths":3,"minecraft:sneak_time":6038,"minecraft:walk_under_water_one_cm":15258,"tombstone:tomb_raiding":1,"minecraft:jump":3311,"minecraft:interact_with_blast_furnace":36,"minecraft:walk_on_water_one_cm":23604,"minecraft:total_world_time":170931,"minecraft:interact_with_furnace":37,"spartanshields:shield_bash_hits":1,"minecraft:time_since_rest":95857,"minecraft:damage_taken":3321,"minecraft:trigger_trapped_chest":7,"minecraft:damage_dealt":13495,"minecraft:player_kills":1,"minecraft:swim_one_cm":44919,"minecraft:fly_one_cm":1257796,"minecraft:open_chest":29,"minecraft:crouch_one_cm":42235,"tombstone:undead_killed":20,"minecraft:interact_with_smoker":13,"minecraft:fall_one_cm":69904,"minecraft:horse_one_cm":11921},"minecraft:dropped":{"botania:gray_mushroom":1,"minecraft:wheat_seeds":3,"minecraft:tnt":3,"minecraft:orange_tulip":1,"arclight:cloudstone_cobbled":1,"minecraft:dirt":1,"delchoco:gysahl_green_seeds":1,"minecraft:diorite":10,"delchoco:chocobo_feather":1,"minecraft:brown_wool":1,"tombstone:grave_dust":2,"minecraft:string":2,"minecraft:white_wool":8,"minecraft:stone_axe":1,"hexerei:animal_fat":3,"minecraft:iron_nugget":1,"minecraft:pointed_dripstone":4,"patchouli:guide_book":3,"create:limestone":1,"naturalist:duck":2},"minecraft:picked_up":{"simplehats:cat_on_head":1,"minecraft:crafting_table":6,"simplehats:hatbag_rare":1,"minecraft:lead":1,"minecraft:string":5,"minecraft:raw_copper":110,"create:limestone":1,"arclight:copper_axe":1,"create:water_wheel":1,"minecraft:beef":16,"delchoco:yellow_chocobo_spawn_egg":1,"minecraft:light_gray_wool":1,"simplehats:vikinghatbeard":1,"naturalist:duck":2,"minecraft:furnace":2,"minecraft:iron_boots":1,"minecraft:egg":1,"iceandfire:pixie_dust":2,"minecraft:raw_iron":80,"simplehats:orange_hat":1,"delchoco:gysahl_green":54,"apotheosis:gem":4,"delchoco:chocobo_feather":9,"minecraft:copper_ingot":1,"minecraft:torch":26,"delchoco:lovely_gysahl_green":1,"create:andesite_casing":2,"iceandfire:silver_ore":1,"epicfight:skillbook":1,"minecraft:diorite":12,"minecraft:pointed_dripstone":7,"tombstone:grave_dust":6,"vampirism:vampire_fang":7,"mekanism:raw_tin":22,"hexerei:sage_seed":7,"create:large_cogwheel":3,"minecraft:tnt":3,"minecraft:arrow":4,"minecraft:rotten_flesh":10,"delchoco:chocobo_drumstick_raw":1,"supplementaries:ash":2,"minecraft:mutton":18,"minecraft:white_wool":14,"minecraft:cobblestone":158,"vampirism:med_chair":1,"occultism:datura_seeds":1,"delchoco:gysahl_green_seeds":41,"minecraft:cooked_beef":2,"minecraft:andesite":27,"minecraft:brown_wool":1,"minecraft:leather":23,"minecraft:smoker":3,"minecraft:flint":3,"minecraft:oak_log":31,"minecraft:lapis_lazuli":44,"minecraft:dirt":55,"minecraft:bone":8,"minecraft:apple":1,"minecraft:wheat_seeds":7,"minecraft:bow":1,"delightful:mini_melon":13,"minecraft:orange_tulip":1,"minecraft:raw_gold":15,"botania:gray_mushroom":2,"simplehats:hatbag_uncommon":3,"minecraft:iron_sword":1,"minecraft:oak_planks":15,"minecraft:book":27,"hexerei:animal_fat":3,"patchouli:guide_book":6,"minecraft:dripstone_block":5,"minecraft:gravel":2,"minecraft:sand":21,"naturalist:duck_egg":1,"minecraft:blast_furnace":5,"minecraft:lily_of_the_valley":1,"mekanism:raw_osmium":2,"minecraft:spider_eye":1,"arclight:cloudstone_cobbled":2,"simplehats:jesterhat":1,"simplehats:hockeymask":1,"create:millstone":3,"simplehats:hatbag_halloween":1,"minecraft:stone_axe":1,"minecraft:granite":9,"mekanism:fluorite_gem":6,"minecraft:coal":74}},"DataVersion":3120}