{"stats":{"minecraft:killed_by":{"minecraft:player":2},"minecraft:crafted":{"minecraft:oak_planks":40,"minecraft:crafting_table":1,"minecraft:stick":24,"minecraft:wooden_pickaxe":1,"minecraft:stone_pickaxe":1,"minecraft:stone_axe":1},"minecraft:mined":{"mekanism:osmium_ore":2,"delchoco:gysahl_green":34,"minecraft:iron_ore":4,"minecraft:orange_tulip":1,"minecraft:crafting_table":1,"minecraft:grass":20,"minecraft:coal_ore":7,"minecraft:grass_block":11,"minecraft:oak_log":19,"delightful:mini_melon":9,"minecraft:dirt":9,"minecraft:tall_grass":16,"minecraft:lapis_ore":5,"minecraft:stone":74,"arclight:cloudstone":1,"minecraft:diorite":12,"minecraft:oak_leaves":2},"minecraft:killed":{"minecraft:sheep":5,"minecraft:cow":4,"naturalist:snail":1},"minecraft:used":{"minecraft:stone_pickaxe":89,"minecraft:wooden_pickaxe":21,"minecraft:stone_axe":23,"minecraft:dirt":20,"delchoco:gysahl_green":5,"minecraft:crafting_table":1,"delchoco:gysahl_green_seeds":16,"tombstone:gift":2},"minecraft:custom":{"minecraft:time_since_rest":14604,"minecraft:sprint_one_cm":127768,"minecraft:damage_taken":465,"minecraft:walk_one_cm":88363,"minecraft:mob_kills":10,"minecraft:drop":3,"minecraft:damage_dealt":1055,"minecraft:swim_one_cm":3052,"minecraft:interact_with_crafting_table":3,"minecraft:fly_one_cm":204334,"minecraft:player_kills":1,"minecraft:crouch_one_cm":2850,"minecraft:play_time":28561,"minecraft:deaths":2,"minecraft:sneak_time":312,"minecraft:walk_under_water_one_cm":1566,"tombstone:tomb_raiding":1,"minecraft:damage_dealt_resisted":0,"minecraft:jump":457,"minecraft:time_since_death":15872,"minecraft:walk_on_water_one_cm":1795,"minecraft:total_world_time":28561,"minecraft:fall_one_cm":6429,"minecraft:horse_one_cm":11921},"minecraft:dropped":{"minecraft:stone_axe":1,"minecraft:wheat_seeds":1,"minecraft:orange_tulip":1},"minecraft:picked_up":{"hexerei:animal_fat":2,"simplehats:cat_on_head":1,"minecraft:raw_iron":4,"occultism:datura_seeds":1,"delchoco:gysahl_green_seeds":37,"minecraft:crafting_table":1,"delchoco:gysahl_green":50,"minecraft:leather":7,"delchoco:lovely_gysahl_green":1,"minecraft:oak_log":18,"minecraft:diorite":12,"minecraft:lapis_lazuli":30,"mekanism:raw_osmium":2,"minecraft:dirt":20,"arclight:cloudstone_cobbled":1,"hexerei:sage_seed":3,"minecraft:rotten_flesh":1,"minecraft:stone_axe":1,"minecraft:orange_tulip":1,"delightful:mini_melon":9,"minecraft:wheat_seeds":3,"minecraft:beef":7,"minecraft:mutton":7,"minecraft:coal":7,"minecraft:white_wool":5,"minecraft:cobblestone":74}},"DataVersion":3120}