{"stats":{"minecraft:killed_by":{"majruszsdifficulty:cursed_armor":1},"minecraft:mined":{"delchoco:gysahl_green":13,"minecraft:blackstone":8,"minecraft:soul_fire":1,"minecraft:grass_block":31,"minecraft:tall_grass":37,"minecraft:sugar_cane":8,"minecraft:gilded_blackstone":24,"culturaldelights:wild_corn":2,"minecraft:tall_seagrass":2,"tconstruct:earth_slime_dirt":19,"vampirism:tent":1,"minecraft:grass":199,"minecraft:oak_log":17,"minecraft:coal_ore":23,"minecraft:dirt":1,"minecraft:stone":3,"ad_astra:sky_stone":5,"minecraft:oak_leaves":12},"minecraft:crafted":{"epicfight:stone_spear":1,"minecraft:oak_planks":68,"minecraft:crafting_table":1,"minecraft:wooden_pickaxe":1,"minecraft:cooked_mutton":3,"minecraft:air":0,"minecraft:stick":12,"minecraft:iron_pickaxe":1,"minecraft:stone_pickaxe":1,"minecraft:stone_sword":1},"minecraft:killed":{"minecraft:chicken":4,"minecraft:cow":1},"minecraft:used":{"minecraft:stone_shovel":21,"minecraft:stone_pickaxe":61,"minecraft:oak_planks":32,"minecraft:wooden_pickaxe":3,"naturalist:duck_egg":1,"minecraft:crafting_table":1,"epicfight:stone_spear":9,"ad_astra:sky_stone":1},"minecraft:custom":{"minecraft:interact_with_furnace":5,"minecraft:mob_kills":5,"minecraft:interact_with_crafting_table":4,"minecraft:damage_dealt_resisted":24,"minecraft:leave_game":2,"minecraft:time_since_death":2178,"minecraft:time_since_rest":842,"minecraft:waystone_activated":1,"minecraft:sprint_one_cm":151558,"minecraft:damage_taken":540,"minecraft:walk_one_cm":99224,"minecraft:drop":28,"minecraft:damage_dealt":480,"minecraft:swim_one_cm":35454,"minecraft:fly_one_cm":421789,"minecraft:open_chest":3,"minecraft:crouch_one_cm":12694,"minecraft:play_time":41456,"minecraft:deaths":2,"minecraft:sneak_time":1716,"minecraft:walk_under_water_one_cm":1582,"minecraft:jump":847,"minecraft:walk_on_water_one_cm":2593,"minecraft:total_world_time":41456,"minecraft:fall_one_cm":23398},"minecraft:dropped":{"hexerei:animal_fat":1,"hexerei:sage_seed":12,"minecraft:iron_nugget":1,"tconstruct:sky_slime":6,"epicsamurai:katana":1,"minecraft:apple":1,"simplehats:rainboworbiters":1,"patchouli:guide_book":5,"simplehats:cat_on_head":1,"minecraft:stick":3,"ad_astra:sky_stone":3,"minecraft:cobweb":2,"minecraft:dirt":28,"tconstruct:materials_and_you":1,"minecraft:gilded_blackstone":22,"tconstruct:sky_slime_ball":78,"minecraft:wooden_pickaxe":1,"delchoco:gysahl_green":15},"minecraft:picked_up":{"arclight:moon_sapling":1,"occultism:datura_seeds":3,"delchoco:gysahl_green_seeds":41,"minecraft:feather":5,"minecraft:chicken":4,"vampirism:item_tent":1,"minecraft:leather":2,"minecraft:gilded_blackstone":22,"minecraft:oak_log":17,"ad_astra:sky_stone":4,"minecraft:dirt":32,"tconstruct:earth_slime_dirt":19,"minecraft:blackstone":8,"minecraft:apple":2,"minecraft:wheat_seeds":33,"minecraft:gold_nugget":2,"minecraft:beef":3,"tconstruct:sky_slime":6,"minecraft:sugar_cane":17,"hexerei:animal_fat":1,"delchoco:gysahl_green":35,"patchouli:guide_book":2,"simplehats:rainboworbiters":1,"naturalist:duck_egg":1,"hexerei:sage_seed":15,"tconstruct:sky_slime_ball":78,"delchoco:chocobo_drumstick_raw":1,"minecraft:coal":23,"minecraft:cobblestone":3}},"DataVersion":3120}