{"stats":{"minecraft:mined":{"minecraft:grass":177,"culturaldelights:wild_corn":1,"minecraft:tall_grass":27},"minecraft:custom":{"minecraft:time_since_rest":5023,"minecraft:crouch_one_cm":38,"minecraft:sprint_one_cm":50963,"minecraft:play_time":17456,"minecraft:deaths":1,"minecraft:damage_taken":40,"minecraft:walk_one_cm":10267,"minecraft:sneak_time":6,"minecraft:drop":3,"minecraft:jump":66,"minecraft:damage_dealt":10,"minecraft:leave_game":2,"minecraft:time_since_death":5293,"minecraft:total_world_time":17456,"minecraft:fall_one_cm":1521,"minecraft:fly_one_cm":28228},"minecraft:dropped":{"simplehats:rainboworbiters":1,"simplehats:cat_on_head":1,"epicsamurai:katana":1},"minecraft:picked_up":{"hexerei:sage_seed":11,"occultism:datura_seeds":2,"delchoco:gysahl_green_seeds":24,"minecraft:wheat_seeds":23,"delchoco:chocobo_drumstick_raw":1,"simplehats:rainboworbiters":1}},"DataVersion":3120}