{"stats":{"minecraft:killed_by":{"majruszsdifficulty:cursed_armor":1},"minecraft:mined":{"delchoco:gysahl_green":18,"minecraft:blackstone":8,"minecraft:soul_fire":1,"vampirism:tent_main":2,"minecraft:grass_block":31,"minecraft:tall_grass":37,"minecraft:sugar_cane":8,"minecraft:gilded_blackstone":24,"culturaldelights:wild_corn":2,"minecraft:tall_seagrass":2,"tconstruct:earth_slime_dirt":19,"minecraft:tnt":2,"minecraft:stone_brick_stairs":1,"vampirism:tent":1,"minecraft:bookshelf":1,"minecraft:grass":201,"minecraft:oak_log":17,"minecraft:coal_ore":23,"minecraft:vine":1,"minecraft:dirt":1,"minecraft:bamboo":1,"minecraft:stone":3,"ad_astra:sky_stone":5,"minecraft:oak_leaves":12},"minecraft:crafted":{"epicfight:stone_spear":1,"minecraft:oak_planks":68,"minecraft:crafting_table":1,"minecraft:wooden_pickaxe":1,"minecraft:cooked_mutton":3,"minecraft:air":0,"minecraft:oak_boat":2,"minecraft:stick":12,"minecraft:iron_pickaxe":1,"minecraft:stone_pickaxe":1,"minecraft:stone_sword":1},"minecraft:killed":{"minecraft:chicken":4,"iceandfire:pixie":1,"minecraft:cow":1},"minecraft:used":{"minecraft:cooked_mutton":3,"minecraft:stone_shovel":21,"minecraft:stone_pickaxe":61,"minecraft:oak_planks":32,"minecraft:wooden_pickaxe":3,"naturalist:duck_egg":1,"minecraft:crafting_table":2,"epicfight:stone_spear":11,"vampirism:item_tent":2,"minecraft:iron_pickaxe":1,"minecraft:golden_helmet":1,"ad_astra:sky_stone":1,"delchoco:gysahl_green":4,"tombstone:gift":1,"minecraft:oak_boat":2,"arclight:moon_sapling":1},"minecraft:custom":{"minecraft:interact_with_furnace":5,"minecraft:mob_kills":6,"minecraft:interact_with_crafting_table":5,"minecraft:open_barrel":13,"minecraft:damage_dealt_resisted":24,"minecraft:leave_game":2,"minecraft:time_since_death":26178,"minecraft:climb_one_cm":3140,"minecraft:time_since_rest":24842,"minecraft:waystone_activated":1,"minecraft:sprint_one_cm":289916,"minecraft:damage_taken":630,"minecraft:walk_one_cm":219124,"minecraft:trigger_trapped_chest":1,"minecraft:drop":34,"minecraft:damage_dealt":508,"minecraft:swim_one_cm":66662,"minecraft:fly_one_cm":737171,"minecraft:open_chest":11,"minecraft:crouch_one_cm":14330,"minecraft:play_time":65456,"minecraft:deaths":2,"minecraft:sneak_time":1943,"minecraft:walk_under_water_one_cm":2848,"minecraft:boat_one_cm":578,"minecraft:jump":1523,"minecraft:walk_on_water_one_cm":4283,"minecraft:total_world_time":65456,"minecraft:fall_one_cm":43452},"minecraft:dropped":{"hexerei:animal_fat":1,"hexerei:sage_seed":12,"minecraft:wheat_seeds":33,"minecraft:iron_nugget":1,"tconstruct:sky_slime":6,"epicsamurai:katana":1,"minecraft:apple":1,"vampirism:item_tent":1,"epicfight:stone_spear":1,"simplehats:rainboworbiters":1,"patchouli:guide_book":5,"simplehats:cat_on_head":1,"minecraft:stick":3,"ad_astra:sky_stone":3,"minecraft:cobweb":2,"minecraft:dirt":28,"delchoco:gysahl_green_seeds":4,"tconstruct:materials_and_you":1,"minecraft:oak_boat":1,"minecraft:gilded_blackstone":22,"tconstruct:sky_slime_ball":78,"minecraft:wooden_pickaxe":1,"delchoco:gysahl_green":15},"minecraft:picked_up":{"arclight:moon_sapling":1,"occultism:datura_seeds":3,"delchoco:gysahl_green_seeds":46,"epicfight:stone_spear":1,"minecraft:feather":5,"minecraft:chicken":4,"vampirism:item_tent":4,"minecraft:leather":2,"minecraft:gilded_blackstone":22,"minecraft:oak_log":17,"ad_astra:sky_stone":4,"minecraft:dirt":32,"tconstruct:earth_slime_dirt":19,"minecraft:blackstone":8,"minecraft:apple":2,"minecraft:wheat_seeds":33,"minecraft:gold_nugget":2,"minecraft:beef":3,"minecraft:oak_boat":1,"tconstruct:sky_slime":6,"minecraft:bamboo":7,"minecraft:sugar_cane":17,"apotheosis:gem":4,"minecraft:book":3,"iceandfire:pixie_dust":1,"hexerei:animal_fat":1,"delchoco:gysahl_green":47,"patchouli:guide_book":2,"delchoco:lovely_gysahl_green":1,"sophisticatedbackpacks:backpack":1,"simplehats:rainboworbiters":1,"naturalist:duck_egg":1,"minecraft:tnt":2,"hexerei:sage_seed":15,"tconstruct:sky_slime_ball":78,"minecraft:diamond":1,"delchoco:chocobo_drumstick_raw":1,"minecraft:coal":23,"minecraft:cobblestone":3}},"DataVersion":3120}