{"stats":{"minecraft:custom":{"minecraft:time_since_rest":217,"minecraft:deaths":1,"tombstone:undead_killed":1,"minecraft:crouch_one_cm":1472,"minecraft:play_time":5769,"minecraft:sprint_one_cm":19368,"minecraft:damage_taken":220,"minecraft:walk_one_cm":17708,"minecraft:sneak_time":212,"minecraft:mob_kills":2,"minecraft:jump":122,"minecraft:damage_dealt":295,"minecraft:time_since_death":683,"minecraft:total_world_time":5769,"minecraft:interact_with_crafting_table":2,"minecraft:fall_one_cm":3319,"minecraft:fly_one_cm":57322},"minecraft:used":{"minecraft:stone_axe":11,"minecraft:crafting_table":1,"minecraft:wooden_pickaxe":22,"epicfight:stone_spear":8},"minecraft:crafted":{"minecraft:stone_sword":1,"epicfight:stone_spear":1,"minecraft:furnace":1,"minecraft:stone_axe":1,"minecraft:spruce_planks":24,"minecraft:stick":12,"minecraft:wooden_pickaxe":1,"minecraft:stone_pickaxe":2},"minecraft:killed_by":{"minecraft:skeleton":1},"minecraft:mined":{"minecraft:spruce_log":16,"minecraft:stone":22,"minecraft:crafting_table":1},"minecraft:picked_up":{"minecraft:crafting_table":1,"minecraft:spruce_log":16,"minecraft:cobblestone":22},"minecraft:killed":{"minecraft:skeleton_horse":1}},"DataVersion":3120}