{"stats":{"minecraft:custom":{"minecraft:time_since_rest":18001,"minecraft:sprint_one_cm":170039,"minecraft:damage_taken":1141,"minecraft:walk_one_cm":88571,"minecraft:mob_kills":5,"minecraft:drop":1,"minecraft:damage_dealt":1145,"minecraft:swim_one_cm":49241,"minecraft:interact_with_crafting_table":2,"minecraft:fly_one_cm":625366,"minecraft:open_barrel":9,"minecraft:open_chest":2,"minecraft:crouch_one_cm":5843,"minecraft:play_time":29769,"tombstone:undead_killed":2,"minecraft:deaths":3,"minecraft:sneak_time":900,"minecraft:walk_under_water_one_cm":3951,"minecraft:jump":1243,"minecraft:time_since_death":19577,"minecraft:walk_on_water_one_cm":4422,"minecraft:climb_one_cm":106,"minecraft:total_world_time":29769,"minecraft:fall_one_cm":30907},"minecraft:used":{"minecraft:bread":1,"minecraft:stone_pickaxe":3,"minecraft:iron_pickaxe":10,"minecraft:wooden_pickaxe":22,"minecraft:stone_axe":16,"delchoco:gysahl_green":39,"minecraft:sweet_berries":6,"minecraft:crafting_table":1,"tombstone:gift":1,"epicfight:stone_spear":28},"minecraft:crafted":{"epicfight:stone_spear":1,"minecraft:spruce_planks":24,"minecraft:stick":12,"minecraft:wooden_pickaxe":1,"minecraft:stone_pickaxe":2,"minecraft:stone_sword":1,"minecraft:furnace":1,"minecraft:stone_axe":1},"minecraft:killed_by":{"delchoco:chocobo":1,"minecraft:skeleton":1,"minecraft:zombie":1},"minecraft:mined":{"minecraft:large_fern":1,"botania:lime_mystical_flower":2,"hexerei:flowering_lily_pad":1,"delchoco:gysahl_green":23,"minecraft:kelp_plant":1,"xp_veins:xp_ore":5,"minecraft:iron_ore":2,"minecraft:sweet_berry_bush":11,"minecraft:spruce_log":16,"minecraft:crafting_table":1,"minecraft:grass":1,"delightful:mini_melon":5,"minecraft:spruce_leaves":2,"minecraft:stone":27,"minecraft:sugar_cane":8,"minecraft:fern":7},"minecraft:picked_up":{"delchoco:gysahl_green_seeds":21,"minecraft:raw_iron":2,"epicfight:stone_spear":3,"minecraft:crafting_table":1,"delchoco:gysahl_green":63,"productivebees:sugar_cane_nest":1,"delchoco:chocobo_feather":7,"minecraft:sweet_berries":27,"minecraft:gunpowder":2,"minecraft:spruce_log":16,"hexerei:flowering_lily_pad":1,"simplehats:rgbsunglasses":1,"botania:lime_mystical_flower":2,"delightful:mini_melon":5,"minecraft:wheat_seeds":1,"minecraft:beef":1,"minecraft:bread":40,"minecraft:iron_pickaxe":1,"minecraft:sugar_cane":23,"minecraft:cobblestone":27},"minecraft:dropped":{"hexerei:flowering_lily_pad":1},"minecraft:killed":{"minecraft:zombie":1,"minecraft:skeleton_horse":1,"minecraft:creeper":1,"minecraft:cow":1}},"DataVersion":3120}