{"stats":{"minecraft:crafted":{"minecraft:oak_planks":68},"minecraft:mined":{"minecraft:tall_seagrass":2,"culturaldelights:wild_corn":2,"delchoco:gysahl_green":5,"tconstruct:earth_slime_dirt":19,"vampirism:tent":1,"minecraft:grass":199,"minecraft:grass_block":31,"minecraft:oak_log":17,"minecraft:dirt":1,"minecraft:tall_grass":37,"minecraft:sugar_cane":3,"minecraft:oak_leaves":12},"minecraft:used":{"minecraft:stone_shovel":21,"minecraft:oak_planks":32,"naturalist:duck_egg":1},"minecraft:custom":{"minecraft:time_since_rest":17023,"minecraft:waystone_activated":1,"minecraft:sprint_one_cm":103544,"minecraft:damage_taken":295,"minecraft:walk_one_cm":60775,"minecraft:drop":15,"minecraft:damage_dealt":17,"minecraft:swim_one_cm":21681,"minecraft:fly_one_cm":182062,"minecraft:crouch_one_cm":6689,"minecraft:play_time":29456,"minecraft:deaths":1,"minecraft:sneak_time":695,"minecraft:walk_under_water_one_cm":1079,"minecraft:jump":352,"minecraft:leave_game":2,"minecraft:walk_on_water_one_cm":1553,"minecraft:time_since_death":17293,"minecraft:total_world_time":29456,"minecraft:fall_one_cm":11106},"minecraft:dropped":{"minecraft:dirt":28,"hexerei:sage_seed":12,"tconstruct:sky_slime":6,"tconstruct:materials_and_you":1,"epicsamurai:katana":1,"tconstruct:sky_slime_ball":78,"simplehats:rainboworbiters":1,"simplehats:cat_on_head":1,"patchouli:guide_book":5,"delchoco:gysahl_green":15},"minecraft:picked_up":{"occultism:datura_seeds":3,"delchoco:gysahl_green_seeds":34,"delchoco:gysahl_green":15,"vampirism:item_tent":1,"patchouli:guide_book":2,"minecraft:oak_log":17,"simplehats:rainboworbiters":1,"naturalist:duck_egg":1,"minecraft:dirt":32,"tconstruct:earth_slime_dirt":19,"hexerei:sage_seed":15,"tconstruct:sky_slime_ball":78,"minecraft:apple":1,"minecraft:wheat_seeds":33,"delchoco:chocobo_drumstick_raw":1,"tconstruct:sky_slime":6,"minecraft:sugar_cane":7}},"DataVersion":3120}