{"stats":{"minecraft:custom":{"minecraft:mob_kills":8,"minecraft:interact_with_crafting_table":2,"minecraft:open_barrel":11,"minecraft:leave_game":1,"minecraft:time_since_death":2748,"minecraft:climb_one_cm":106,"minecraft:time_since_rest":349,"minecraft:sprint_one_cm":271018,"minecraft:damage_taken":1907,"minecraft:walk_one_cm":129896,"minecraft:drop":9,"minecraft:damage_dealt":2061,"minecraft:swim_one_cm":105452,"minecraft:fly_one_cm":1085032,"minecraft:open_chest":2,"minecraft:crouch_one_cm":7692,"minecraft:play_time":47231,"tombstone:undead_killed":4,"minecraft:deaths":6,"minecraft:sneak_time":1144,"minecraft:walk_under_water_one_cm":7861,"minecraft:jump":1959,"minecraft:walk_on_water_one_cm":10955,"minecraft:total_world_time":47231,"minecraft:fall_one_cm":35172},"minecraft:used":{"minecraft:stone_pickaxe":3,"minecraft:wooden_pickaxe":22,"minecraft:dirt":2,"minecraft:crafting_table":1,"epicfight:stone_spear":48,"minecraft:bread":1,"minecraft:iron_pickaxe":15,"minecraft:stone_axe":16,"delchoco:gysahl_green":39,"minecraft:sweet_berries":7,"spartanweaponry:iron_battle_hammer":1,"tombstone:gift":1},"minecraft:crafted":{"epicfight:stone_spear":1,"minecraft:spruce_planks":24,"minecraft:wooden_pickaxe":1,"minecraft:furnace":1,"minecraft:stone_axe":1,"productivebees:sugar_cane_nest":2,"minecraft:stick":12,"minecraft:stone_pickaxe":2,"minecraft:stone_sword":1},"minecraft:killed_by":{"minecraft:wolf":1,"iceandfire:ice_dragon":1,"minecraft:skeleton":1,"minecraft:zombie":1,"delchoco:chocobo":1,"iceandfire:sea_serpent":1},"minecraft:mined":{"botania:lime_mystical_flower":2,"delchoco:gysahl_green":23,"hexerei:flowering_lily_pad":1,"minecraft:kelp_plant":1,"minecraft:crafting_table":1,"minecraft:grass_block":1,"minecraft:spruce_leaves":2,"minecraft:sugar_cane":8,"minecraft:large_fern":1,"xp_veins:xp_ore":9,"minecraft:iron_ore":2,"minecraft:sweet_berry_bush":11,"minecraft:spruce_log":16,"minecraft:grass":2,"delightful:mini_melon":5,"minecraft:dirt":1,"minecraft:stone":27,"minecraft:fern":8},"minecraft:picked_up":{"delchoco:gysahl_green_seeds":21,"minecraft:crafting_table":1,"epicfight:stone_spear":3,"simplehats:hatbag_rare":1,"minecraft:gunpowder":2,"minecraft:dirt":2,"minecraft:string":2,"hexerei:flowering_lily_pad":1,"minecraft:bone":1,"delightful:mini_melon":5,"minecraft:wheat_seeds":1,"minecraft:beef":1,"minecraft:iron_pickaxe":1,"minecraft:sugar_cane":23,"simplehats:zigzagwitchhat":1,"delchoco:gysahl_green":63,"minecraft:raw_iron":2,"delchoco:chocobo_feather":11,"productivebees:sugar_cane_nest":1,"minecraft:sweet_berries":27,"minecraft:spruce_log":16,"minecraft:spider_eye":1,"spartanweaponry:iron_battle_hammer":1,"simplehats:hatbag_halloween":1,"minecraft:arrow":2,"simplehats:rgbsunglasses":1,"botania:lime_mystical_flower":2,"delchoco:chocobo_drumstick_raw":1,"simplehats:bluefireeye":2,"minecraft:bread":40,"minecraft:cobblestone":27},"minecraft:dropped":{"minecraft:wheat_seeds":1,"simplehats:bluefireeye":1,"minecraft:orange_tulip":1,"minecraft:stick":1,"minecraft:arrow":2,"minecraft:wooden_pickaxe":1,"hexerei:flowering_lily_pad":1,"minecraft:bone":1},"minecraft:killed":{"minecraft:spider":1,"minecraft:creeper":1,"delchoco:chocobo":1,"minecraft:skeleton":1,"minecraft:zombie":2,"minecraft:skeleton_horse":1,"minecraft:cow":1}},"DataVersion":3120}