{"stats":{"minecraft:custom":{"minecraft:time_since_rest":6001,"minecraft:sprint_one_cm":94541,"minecraft:damage_taken":881,"minecraft:walk_one_cm":60303,"minecraft:mob_kills":5,"minecraft:damage_dealt":1135,"minecraft:swim_one_cm":32498,"minecraft:interact_with_crafting_table":2,"minecraft:fly_one_cm":304729,"minecraft:open_chest":2,"minecraft:crouch_one_cm":3993,"minecraft:play_time":17769,"tombstone:undead_killed":2,"minecraft:deaths":3,"minecraft:sneak_time":694,"minecraft:walk_under_water_one_cm":3359,"minecraft:jump":653,"minecraft:time_since_death":7577,"minecraft:walk_on_water_one_cm":2804,"minecraft:total_world_time":17769,"minecraft:fall_one_cm":14591},"minecraft:used":{"minecraft:stone_pickaxe":3,"minecraft:iron_pickaxe":8,"minecraft:wooden_pickaxe":22,"minecraft:stone_axe":15,"delchoco:gysahl_green":12,"minecraft:sweet_berries":6,"minecraft:crafting_table":1,"epicfight:stone_spear":28},"minecraft:crafted":{"epicfight:stone_spear":1,"minecraft:spruce_planks":24,"minecraft:stick":12,"minecraft:wooden_pickaxe":1,"minecraft:stone_pickaxe":2,"minecraft:stone_sword":1,"minecraft:furnace":1,"minecraft:stone_axe":1},"minecraft:killed_by":{"delchoco:chocobo":1,"minecraft:skeleton":1,"minecraft:zombie":1},"minecraft:mined":{"minecraft:large_fern":1,"delchoco:gysahl_green":20,"minecraft:kelp_plant":1,"xp_veins:xp_ore":3,"minecraft:iron_ore":2,"minecraft:sweet_berry_bush":3,"minecraft:spruce_log":16,"minecraft:crafting_table":1,"minecraft:grass":1,"delightful:mini_melon":4,"minecraft:spruce_leaves":2,"minecraft:stone":27,"minecraft:fern":3},"minecraft:picked_up":{"delchoco:gysahl_green_seeds":18,"minecraft:raw_iron":2,"epicfight:stone_spear":3,"minecraft:crafting_table":1,"delchoco:gysahl_green":54,"delchoco:chocobo_feather":7,"minecraft:sweet_berries":7,"minecraft:gunpowder":2,"minecraft:spruce_log":16,"delightful:mini_melon":4,"minecraft:wheat_seeds":1,"minecraft:beef":1,"minecraft:iron_pickaxe":1,"minecraft:cobblestone":27},"minecraft:killed":{"minecraft:zombie":1,"minecraft:skeleton_horse":1,"minecraft:creeper":1,"minecraft:cow":1}},"DataVersion":3120}