{"stats":{"minecraft:killed_by":{"majruszsdifficulty:cursed_armor":1},"minecraft:mined":{"minecraft:white_bed":1,"delchoco:gysahl_green":31,"minecraft:blackstone":8,"minecraft:soul_fire":1,"vampirism:tent_main":2,"minecraft:crafting_table":1,"minecraft:acacia_log":5,"minecraft:grass_block":31,"minecraft:tall_grass":37,"minecraft:sugar_cane":8,"minecraft:gilded_blackstone":39,"culturaldelights:wild_corn":2,"minecraft:tall_seagrass":2,"xp_veins:xp_ore":1,"minecraft:birch_leaves":1,"tconstruct:earth_slime_dirt":19,"minecraft:tnt":2,"minecraft:stone_brick_stairs":1,"vampirism:tent":1,"minecraft:bookshelf":1,"minecraft:grass":203,"minecraft:oak_log":20,"minecraft:coal_ore":23,"minecraft:vine":1,"minecraft:dirt":1,"minecraft:bamboo":1,"minecraft:stone":3,"ad_astra:sky_stone":23,"minecraft:oak_leaves":12},"minecraft:crafted":{"epicfight:stone_spear":1,"minecraft:oak_planks":80,"minecraft:crafting_table":3,"minecraft:wooden_pickaxe":1,"minecraft:cooked_mutton":3,"minecraft:air":0,"minecraft:oak_boat":2,"minecraft:stick":16,"minecraft:wooden_axe":1,"minecraft:chest":2,"minecraft:iron_pickaxe":1,"minecraft:stone_pickaxe":1,"minecraft:stone_sword":1,"minecraft:white_bed":1,"minecraft:acacia_planks":20,"minecraft:shears":1},"minecraft:killed":{"minecraft:chicken":4,"iceandfire:pixie":1,"minecraft:cow":1},"minecraft:used":{"minecraft:cooked_mutton":3,"minecraft:stone_shovel":21,"minecraft:stone_pickaxe":61,"minecraft:oak_planks":37,"minecraft:chest":2,"minecraft:wooden_pickaxe":3,"naturalist:duck_egg":1,"minecraft:crafting_table":5,"minecraft:white_bed":2,"minecraft:wooden_axe":4,"epicfight:stone_spear":11,"vampirism:item_tent":2,"minecraft:iron_pickaxe":35,"minecraft:golden_helmet":1,"ad_astra:sky_stone":1,"delchoco:gysahl_green":22,"tombstone:gift":1,"minecraft:oak_boat":2,"arclight:moon_sapling":1},"minecraft:custom":{"minecraft:interact_with_furnace":5,"minecraft:mob_kills":6,"minecraft:interact_with_crafting_table":10,"minecraft:open_barrel":13,"minecraft:damage_dealt_resisted":24,"minecraft:leave_game":2,"minecraft:time_since_death":38178,"minecraft:sleep_in_bed":1,"minecraft:climb_one_cm":3140,"minecraft:time_since_rest":8535,"minecraft:waystone_activated":1,"minecraft:sprint_one_cm":348974,"minecraft:damage_taken":670,"minecraft:walk_one_cm":263552,"minecraft:trigger_trapped_chest":1,"minecraft:drop":46,"minecraft:damage_dealt":508,"minecraft:swim_one_cm":84324,"minecraft:fly_one_cm":894084,"minecraft:open_chest":18,"minecraft:crouch_one_cm":17072,"minecraft:play_time":77456,"minecraft:deaths":2,"minecraft:sneak_time":2420,"minecraft:walk_under_water_one_cm":4449,"minecraft:boat_one_cm":578,"minecraft:jump":1885,"minecraft:walk_on_water_one_cm":7887,"minecraft:total_world_time":77456,"minecraft:fall_one_cm":52598},"minecraft:dropped":{"hexerei:animal_fat":1,"hexerei:sage_seed":12,"minecraft:wheat_seeds":33,"minecraft:iron_nugget":1,"tconstruct:sky_slime":6,"epicsamurai:katana":1,"minecraft:golden_axe":1,"minecraft:oak_planks":10,"minecraft:apple":1,"vampirism:item_tent":1,"epicfight:stone_spear":1,"simplehats:rainboworbiters":1,"patchouli:guide_book":5,"simplehats:cat_on_head":1,"minecraft:stick":3,"ad_astra:sky_stone":3,"minecraft:cobweb":2,"minecraft:dirt":28,"delchoco:gysahl_green_seeds":4,"tconstruct:materials_and_you":1,"minecraft:oak_boat":1,"minecraft:gilded_blackstone":22,"tconstruct:sky_slime_ball":78,"minecraft:wooden_pickaxe":1,"minecraft:glistering_melon_slice":9,"delchoco:gysahl_green":15},"minecraft:picked_up":{"iceandfire:dragon_skull_lightning":1,"minecraft:crafting_table":1,"arclight:moon_sapling":1,"occultism:datura_seeds":3,"delchoco:gysahl_green_seeds":58,"epicfight:stone_spear":1,"minecraft:feather":5,"minecraft:chicken":4,"vampirism:item_tent":4,"minecraft:leather":2,"minecraft:gilded_blackstone":30,"minecraft:oak_log":20,"ad_astra:sky_stone":20,"minecraft:dirt":32,"tconstruct:earth_slime_dirt":19,"minecraft:bone":2,"minecraft:blackstone":8,"minecraft:apple":2,"minecraft:wheat_seeds":34,"minecraft:gold_nugget":15,"minecraft:beef":3,"minecraft:oak_boat":1,"iceandfire:dragonbone":22,"tconstruct:sky_slime":6,"minecraft:bamboo":7,"minecraft:sugar_cane":17,"minecraft:stick":2,"minecraft:oak_planks":25,"apotheosis:gem":4,"minecraft:book":3,"iceandfire:pixie_dust":1,"hexerei:animal_fat":1,"delchoco:gysahl_green":84,"patchouli:guide_book":2,"minecraft:acacia_log":5,"delchoco:lovely_gysahl_green":2,"sophisticatedbackpacks:backpack":1,"simplehats:rainboworbiters":1,"minecraft:white_bed":1,"naturalist:duck_egg":1,"minecraft:tnt":2,"hexerei:sage_seed":16,"tconstruct:sky_slime_ball":78,"minecraft:diamond":1,"delchoco:chocobo_drumstick_raw":1,"minecraft:glistering_melon_slice":4,"minecraft:coal":23,"minecraft:white_wool":6,"minecraft:cobblestone":3}},"DataVersion":3120}