{"stats":{"minecraft:killed_by":{"delchoco:chocobo":1,"majruszsdifficulty:cursed_armor":1},"minecraft:crafted":{"epicfight:stone_spear":1,"minecraft:oak_slab":12,"minecraft:oak_planks":80,"minecraft:crafting_table":3,"minecraft:wooden_pickaxe":1,"minecraft:cooked_mutton":3,"minecraft:air":0,"minecraft:oak_boat":4,"minecraft:stick":16,"minecraft:wooden_axe":1,"minecraft:chest":2,"minecraft:iron_pickaxe":1,"minecraft:stone_pickaxe":1,"minecraft:stone_sword":1,"minecraft:white_bed":1,"minecraft:acacia_planks":20,"minecraft:shears":1},"minecraft:mined":{"minecraft:oak_slab":1,"minecraft:white_bed":1,"delchoco:gysahl_green":31,"minecraft:blackstone":8,"minecraft:soul_fire":1,"vampirism:tent_main":2,"minecraft:crafting_table":1,"minecraft:acacia_log":5,"minecraft:grass_block":41,"minecraft:tall_grass":37,"minecraft:sugar_cane":8,"minecraft:gilded_blackstone":39,"culturaldelights:wild_corn":2,"minecraft:tall_seagrass":2,"xp_veins:xp_ore":1,"minecraft:birch_leaves":1,"tconstruct:earth_slime_dirt":19,"minecraft:tnt":2,"minecraft:stone_brick_stairs":1,"vampirism:tent":1,"minecraft:bookshelf":1,"minecraft:grass":208,"minecraft:oak_log":20,"minecraft:coal_ore":23,"minecraft:vine":1,"minecraft:dirt":10,"minecraft:bamboo":1,"minecraft:stone":3,"ad_astra:sky_stone":23,"minecraft:oak_leaves":12},"minecraft:killed":{"delchoco:chocobo":3,"minecraft:chicken":4,"iceandfire:pixie":1,"minecraft:cow":6},"minecraft:used":{"minecraft:cooked_mutton":3,"minecraft:iron_shovel":19,"minecraft:stone_shovel":21,"minecraft:stone_pickaxe":61,"minecraft:oak_planks":38,"minecraft:chest":2,"minecraft:wooden_pickaxe":3,"iceandfire:dragon_skull_lightning":3,"naturalist:duck_egg":1,"minecraft:dirt":1,"minecraft:oak_slab":13,"minecraft:crafting_table":5,"minecraft:white_bed":2,"minecraft:wooden_axe":4,"epicfight:stone_spear":61,"vampirism:item_tent":3,"minecraft:iron_pickaxe":36,"minecraft:golden_helmet":1,"ad_astra:sky_stone":1,"delchoco:gysahl_green":43,"tombstone:gift":1,"minecraft:egg":2,"minecraft:oak_boat":5,"arclight:moon_sapling":1},"minecraft:custom":{"minecraft:interact_with_furnace":5,"minecraft:mob_kills":14,"minecraft:interact_with_crafting_table":15,"minecraft:open_barrel":13,"minecraft:damage_dealt_resisted":24,"minecraft:leave_game":2,"minecraft:time_since_death":3441,"minecraft:sleep_in_bed":2,"minecraft:climb_one_cm":3140,"minecraft:time_since_rest":3118,"minecraft:waystone_activated":2,"minecraft:sprint_one_cm":416373,"minecraft:damage_taken":1013,"minecraft:walk_one_cm":355496,"minecraft:trigger_trapped_chest":1,"minecraft:drop":49,"minecraft:damage_dealt":2241,"minecraft:talked_to_villager":2,"minecraft:swim_one_cm":105724,"minecraft:fly_one_cm":1100557,"minecraft:open_chest":23,"minecraft:crouch_one_cm":20680,"minecraft:play_time":101456,"minecraft:deaths":3,"minecraft:sneak_time":3037,"minecraft:walk_under_water_one_cm":20186,"minecraft:boat_one_cm":3230,"minecraft:jump":2376,"minecraft:walk_on_water_one_cm":18204,"minecraft:total_world_time":101456,"minecraft:fall_one_cm":62992},"minecraft:dropped":{"hexerei:animal_fat":1,"hexerei:sage_seed":13,"minecraft:wheat_seeds":33,"minecraft:iron_nugget":1,"tconstruct:sky_slime":6,"epicsamurai:katana":1,"minecraft:golden_axe":1,"minecraft:oak_planks":10,"minecraft:apple":1,"vampirism:item_tent":1,"epicfight:stone_spear":1,"simplehats:rainboworbiters":1,"patchouli:guide_book":5,"simplehats:cat_on_head":1,"minecraft:stick":3,"ad_astra:sky_stone":3,"minecraft:cobweb":2,"minecraft:dirt":28,"delchoco:gysahl_green_seeds":6,"tconstruct:materials_and_you":1,"minecraft:oak_boat":1,"minecraft:gilded_blackstone":22,"tconstruct:sky_slime_ball":78,"minecraft:wooden_pickaxe":1,"minecraft:glistering_melon_slice":9,"delchoco:gysahl_green":15},"minecraft:picked_up":{"iceandfire:dragon_skull_lightning":3,"minecraft:crafting_table":1,"arclight:moon_sapling":1,"occultism:datura_seeds":4,"delchoco:gysahl_green_seeds":59,"epicfight:stone_spear":3,"minecraft:feather":5,"minecraft:chicken":4,"vampirism:item_tent":4,"minecraft:leather":11,"minecraft:gilded_blackstone":30,"minecraft:oak_log":20,"ad_astra:sky_stone":20,"minecraft:dirt":51,"tconstruct:earth_slime_dirt":19,"minecraft:bone":2,"minecraft:blackstone":8,"minecraft:apple":2,"minecraft:wheat_seeds":34,"minecraft:gold_nugget":15,"minecraft:oak_slab":1,"minecraft:beef":15,"minecraft:oak_boat":2,"minecraft:egg":2,"iceandfire:dragonbone":36,"tconstruct:sky_slime":6,"minecraft:bamboo":7,"minecraft:sugar_cane":17,"minecraft:stick":2,"minecraft:oak_planks":25,"apotheosis:gem":4,"minecraft:book":3,"iceandfire:pixie_dust":1,"hexerei:animal_fat":4,"delchoco:gysahl_green":84,"delchoco:chocobo_feather":35,"patchouli:guide_book":2,"minecraft:acacia_log":5,"delchoco:lovely_gysahl_green":2,"sophisticatedbackpacks:backpack":1,"simplehats:rainboworbiters":1,"minecraft:white_bed":1,"naturalist:duck_egg":1,"minecraft:tnt":2,"hexerei:sage_seed":17,"tconstruct:sky_slime_ball":78,"minecraft:diamond":1,"waystones:waystone":1,"delchoco:chocobo_drumstick_raw":7,"minecraft:glistering_melon_slice":4,"minecraft:coal":23,"minecraft:white_wool":6,"minecraft:cobblestone":3}},"DataVersion":3120}