{"stats":{"minecraft:killed_by":{"iceandfire:deathworm":1,"delchoco:chocobo":1,"majruszsdifficulty:cursed_armor":1},"minecraft:mined":{"minecraft:white_bed":1,"delchoco:gysahl_green":31,"minecraft:acacia_log":5,"minecraft:grass_block":41,"minecraft:gilded_blackstone":39,"minecraft:tall_seagrass":2,"vampirism:tent":1,"minecraft:bookshelf":1,"minecraft:vine":1,"minecraft:bamboo":1,"minecraft:stone":3,"ad_astra:sky_stone":23,"minecraft:oak_slab":1,"minecraft:blackstone":8,"minecraft:soul_fire":1,"vampirism:tent_main":2,"minecraft:crafting_table":1,"minecraft:tall_grass":37,"minecraft:sugar_cane":8,"culturaldelights:wild_corn":2,"xp_veins:xp_ore":1,"tconstruct:earth_slime_dirt":19,"minecraft:birch_leaves":1,"minecraft:tnt":2,"minecraft:stone_brick_stairs":1,"minecraft:grass":208,"minecraft:coal_ore":23,"minecraft:oak_log":20,"minecraft:dirt":10,"minecraft:oak_leaves":12},"minecraft:crafted":{"minecraft:oak_planks":80,"minecraft:cooked_mutton":3,"minecraft:stone_pickaxe":1,"minecraft:chest":2,"epicfight:stone_spear":1,"minecraft:oak_slab":12,"minecraft:crafting_table":3,"minecraft:wooden_pickaxe":1,"minecraft:air":0,"minecraft:oak_boat":4,"minecraft:stick":16,"minecraft:iron_pickaxe":1,"minecraft:wooden_axe":1,"minecraft:stone_sword":1,"minecraft:white_bed":1,"minecraft:acacia_planks":20,"minecraft:shears":1},"minecraft:killed":{"minecraft:chicken":5,"iceandfire:deathworm":1,"minecraft:pig":1,"delchoco:chocobo":3,"iceandfire:pixie":1,"minecraft:cow":6},"minecraft:used":{"minecraft:iron_shovel":19,"minecraft:stone_shovel":21,"minecraft:chest":2,"minecraft:dirt":1,"minecraft:wooden_axe":4,"vampirism:item_tent":3,"tombstone:gift":1,"minecraft:egg":2,"arclight:moon_sapling":1,"minecraft:cooked_mutton":3,"minecraft:stone_pickaxe":61,"minecraft:oak_planks":38,"minecraft:wooden_pickaxe":3,"iceandfire:dragon_skull_lightning":3,"naturalist:duck_egg":1,"minecraft:oak_slab":13,"minecraft:crafting_table":5,"minecraft:white_bed":2,"epicfight:stone_spear":67,"waystones:waystone":2,"minecraft:iron_pickaxe":38,"minecraft:golden_helmet":1,"ad_astra:sky_stone":1,"delchoco:gysahl_green":51,"minecraft:oak_boat":7},"minecraft:custom":{"minecraft:mob_kills":17,"minecraft:interact_with_crafting_table":15,"minecraft:open_barrel":15,"minecraft:damage_dealt_resisted":24,"minecraft:leave_game":3,"minecraft:time_since_death":8314,"minecraft:climb_one_cm":3140,"minecraft:sprint_one_cm":454140,"minecraft:walk_one_cm":393228,"minecraft:drop":50,"minecraft:talked_to_villager":3,"minecraft:play_time":114197,"minecraft:deaths":4,"minecraft:sneak_time":3124,"minecraft:walk_under_water_one_cm":24126,"minecraft:boat_one_cm":4562,"minecraft:jump":2678,"minecraft:interact_with_blast_furnace":2,"minecraft:walk_on_water_one_cm":25537,"minecraft:total_world_time":114197,"minecraft:interact_with_furnace":5,"minecraft:sleep_in_bed":2,"minecraft:time_since_rest":8078,"minecraft:waystone_activated":5,"minecraft:damage_taken":1224,"minecraft:trigger_trapped_chest":1,"minecraft:damage_dealt":2478,"minecraft:swim_one_cm":105724,"minecraft:fly_one_cm":1244612,"minecraft:open_chest":26,"minecraft:crouch_one_cm":21002,"minecraft:fall_one_cm":69205},"minecraft:dropped":{"minecraft:wheat_seeds":33,"tconstruct:sky_slime":6,"minecraft:golden_axe":1,"minecraft:apple":1,"vampirism:item_tent":1,"epicfight:stone_spear":1,"simplehats:rainboworbiters":1,"minecraft:stick":3,"minecraft:cobweb":2,"ad_astra:sky_stone":3,"minecraft:dirt":28,"delchoco:gysahl_green_seeds":6,"tconstruct:materials_and_you":1,"minecraft:gilded_blackstone":22,"tconstruct:sky_slime_ball":78,"minecraft:glistering_melon_slice":9,"delchoco:gysahl_green":15,"hexerei:animal_fat":1,"hexerei:sage_seed":14,"minecraft:iron_nugget":1,"epicsamurai:katana":1,"minecraft:oak_planks":10,"simplehats:cat_on_head":1,"patchouli:guide_book":5,"minecraft:oak_boat":1,"minecraft:wooden_pickaxe":1},"minecraft:picked_up":{"iceandfire:dragon_skull_lightning":3,"minecraft:crafting_table":1,"minecraft:chicken":5,"minecraft:gilded_blackstone":30,"ad_astra:sky_stone":20,"tconstruct:earth_slime_dirt":19,"minecraft:blackstone":8,"minecraft:gold_nugget":15,"minecraft:beef":15,"minecraft:oak_boat":5,"minecraft:sugar_cane":17,"minecraft:egg":3,"iceandfire:pixie_dust":1,"delchoco:gysahl_green":84,"minecraft:stick":2,"apotheosis:gem":4,"iceandfire:dragonbone":36,"delchoco:chocobo_feather":35,"delchoco:lovely_gysahl_green":2,"minecraft:acacia_log":5,"sophisticatedbackpacks:backpack":1,"minecraft:porkchop":3,"simplehats:rainboworbiters":1,"iceandfire:deathworm_chitin_white":1,"hexerei:sage_seed":17,"minecraft:tnt":2,"tconstruct:sky_slime_ball":78,"minecraft:rotten_flesh":2,"delchoco:chocobo_drumstick_raw":7,"minecraft:glistering_melon_slice":4,"minecraft:white_wool":6,"minecraft:cobblestone":3,"delchoco:gysahl_green_seeds":59,"occultism:datura_seeds":4,"arclight:moon_sapling":1,"epicfight:stone_spear":3,"minecraft:feather":7,"vampirism:item_tent":4,"minecraft:leather":11,"minecraft:oak_log":20,"minecraft:dirt":51,"minecraft:bone":2,"minecraft:apple":2,"minecraft:wheat_seeds":34,"tconstruct:sky_slime":6,"minecraft:bamboo":7,"minecraft:oak_planks":25,"minecraft:book":3,"hexerei:animal_fat":5,"minecraft:oak_slab":1,"patchouli:guide_book":2,"minecraft:white_bed":1,"naturalist:duck_egg":1,"minecraft:diamond":1,"waystones:waystone":3,"minecraft:coal":23}},"DataVersion":3120}