{"stats":{"minecraft:custom":{"minecraft:jump":36,"minecraft:time_since_rest":965,"minecraft:leave_game":1,"minecraft:crouch_one_cm":38,"minecraft:deaths":1,"minecraft:sprint_one_cm":2542,"minecraft:play_time":13398,"minecraft:damage_taken":40,"minecraft:time_since_death":1235,"minecraft:walk_one_cm":8375,"minecraft:sneak_time":6,"minecraft:total_world_time":13398,"minecraft:fall_one_cm":209,"minecraft:drop":2,"minecraft:fly_one_cm":10335},"minecraft:dropped":{"simplehats:rainboworbiters":1,"simplehats:cat_on_head":1},"minecraft:picked_up":{"delchoco:chocobo_drumstick_raw":1,"simplehats:rainboworbiters":1}},"DataVersion":3120}