{
  "minecraft:recipes/redstone/lever": {
    "criteria": {
      "has_cobblestone": "2024-10-19 23:37:36 +0000"
    },
    "done": true
  },
  "spartanweaponry:recipes/spartanweaponry.basic/stone_greatsword": {
    "criteria": {
      "has_cobblestone": "2024-10-19 23:37:36 +0000"
    },
    "done": true
  },
  "minecraft:recipes/redstone/acacia_button": {
    "criteria": {
      "has_planks": "2024-10-20 00:15:24 +0000"
    },
    "done": true
  },
  "minecraft:recipes/combat/iron_sword": {
    "criteria": {
      "has_iron_ingot": "2024-10-19 23:38:51 +0000"
    },
    "done": true
  },
  "minecraft:recipes/redstone/observer": {
    "criteria": {
      "has_quartz": "2024-10-19 23:38:50 +0000"
    },
    "done": true
  },
  "tconstruct:tools/materials_and_you": {
    "criteria": {
      "crafted_book": "2024-10-19 23:04:10 +0000"
    },
    "done": true
  },
  "tconstruct:internal/starting_book": {
    "criteria": {
      "tick": "2024-10-19 23:04:10 +0000"
    },
    "done": true
  },
  "create:recipes/create.base/crafting/logistics/powered_latch": {
    "criteria": {
      "has_item": "2024-10-19 23:38:51 +0000"
    },
    "done": true
  },
  "spartanweaponry:recipes/spartanweaponry.basic/wooden_katana": {
    "criteria": {
      "has_wood": "2024-10-19 23:30:01 +0000"
    },
    "done": true
  },
  "spartanweaponry:recipes/spartanweaponry.basic/wooden_quarterstaff": {
    "criteria": {
      "has_wood": "2024-10-19 23:30:01 +0000"
    },
    "done": true
  },
  "minecraft:recipes/tools/iron_pickaxe": {
    "criteria": {
      "has_iron_ingot": "2024-10-19 23:38:51 +0000"
    },
    "done": true
  },
  "minecraft:recipes/combat/leather_helmet": {
    "criteria": {
      "has_leather": "2024-10-19 23:42:33 +0000"
    },
    "done": true
  },
  "spartanshields:recipes/spartanshields/golden_basic_shield": {
    "criteria": {
      "has_gold_ingot": "2024-10-19 23:38:50 +0000"
    },
    "done": true
  },
  "minecraft:recipes/building_blocks/magenta_wool": {
    "criteria": {
      "has_white_wool": "2024-10-20 00:09:16 +0000"
    },
    "done": true
  },
  "minecraft:recipes/decorations/crafting_table": {
    "criteria": {
      "has_planks": "2024-10-19 23:30:01 +0000"
    },
    "done": true
  },
  "create:recipes/create.palettes/crafting/kinetics/light_gray_seat": {
    "criteria": {
      "has_wool": "2024-10-20 00:09:16 +0000"
    },
    "done": true
  },
  "create_dd:recipes/create_dd.palettes/small_blackstone_bricks_from_stone_types_blackstone_stonecutting": {
    "criteria": {
      "has_stone_types_blackstone": "2024-10-19 23:38:14 +0000"
    },
    "done": true
  },
  "iceandfire:iceandfire/root": {
    "criteria": {
      "tick": "2024-10-19 23:04:10 +0000"
    },
    "done": true
  },
  "minecraft:recipes/decorations/ladder": {
    "criteria": {
      "has_stick": "2024-10-19 23:37:23 +0000"
    },
    "done": true
  },
  "spartanfire:recipes/spartanfire/dragon_bone_longbow": {
    "criteria": {
      "has_dragon_bone": "2024-10-20 00:16:59 +0000"
    },
    "done": true
  },
  "minecraft:recipes/decorations/chest": {
    "criteria": {
      "has_lots_of_items": "2024-10-19 23:25:57 +0000"
    },
    "done": true
  },
  "minecraft:recipes/combat/golden_sword": {
    "criteria": {
      "has_gold_ingot": "2024-10-19 23:38:50 +0000"
    },
    "done": true
  },
  "vampirism:recipes/vampirism/hunter/cross": {
    "criteria": {
      "has_planks": "2024-10-19 23:30:01 +0000"
    },
    "done": true
  },
  "spartanfire:recipes/spartanfire/dragon_bone_greatsword": {
    "criteria": {
      "has_dragon_bone": "2024-10-20 00:16:59 +0000"
    },
    "done": true
  },
  "minecraft:recipes/transportation/mangrove_boat": {
    "criteria": {
      "in_water": "2024-10-19 23:33:34 +0000"
    },
    "done": true
  },
  "minecraft:recipes/tools/wooden_shovel": {
    "criteria": {
      "has_stick": "2024-10-19 23:37:23 +0000"
    },
    "done": true
  },
  "minecraft:recipes/decorations/torch": {
    "criteria": {
      "has_stone_pickaxe": "2024-10-19 23:37:42 +0000"
    },
    "done": true
  },
  "spartanweaponry:recipes/spartanweaponry.basic/diamond_warhammer": {
    "criteria": {
      "has_diamond": "2024-10-19 23:38:49 +0000"
    },
    "done": true
  },
  "create:recipes/create.palettes/industrial_iron_block_from_ingots_iron_stonecutting": {
    "criteria": {
      "has_ingots_iron": "2024-10-19 23:38:51 +0000"
    },
    "done": true
  },
  "minecraft:recipes/tools/shears": {
    "criteria": {
      "has_iron_ingot": "2024-10-19 23:38:51 +0000"
    },
    "done": true
  },
  "spartanfire:recipes/spartanfire/dragon_bone_tomahawk": {
    "criteria": {
      "has_dragon_bone": "2024-10-20 00:16:59 +0000"
    },
    "done": true
  },
  "create_dd:recipes/misc/crafting/diamond_from_diamond_shard": {
    "criteria": {
      "has_diamond": "2024-10-19 23:38:49 +0000"
    },
    "done": true
  },
  "minecraft:recipes/misc/stick": {
    "criteria": {
      "has_planks": "2024-10-19 23:30:01 +0000"
    },
    "done": true
  },
  "minecraft:recipes/woodcutting/oak/oak_slab_from_oak_planks_woodcutting": {
    "criteria": {
      "give_recipe": "2024-10-19 23:30:01 +0000"
    },
    "done": true
  },
  "spartanfire:recipes/spartanfire/dragon_bone_warhammer": {
    "criteria": {
      "has_dragon_bone": "2024-10-20 00:16:59 +0000"
    },
    "done": true
  },
  "create:recipes/create.palettes/crafting/kinetics/yellow_seat": {
    "criteria": {
      "has_wool": "2024-10-20 00:09:16 +0000"
    },
    "done": true
  },
  "botania:recipes/botania/quartz_sunny": {
    "criteria": {
      "has_item": "2024-10-19 23:38:50 +0000"
    },
    "done": true
  },
  "naturalist:recipes/food/cake": {
    "criteria": {
      "has_duck_egg": "2024-10-19 23:34:30 +0000"
    },
    "done": true
  },
  "spartanweaponry:recipes/spartanweaponry.basic/iron_greatsword": {
    "criteria": {
      "has_iron_ingot": "2024-10-19 23:38:51 +0000"
    },
    "done": true
  },
  "spartanfire:recipes/spartanfire/dragon_bone_rapier": {
    "criteria": {
      "has_dragon_bone": "2024-10-20 00:16:59 +0000"
    },
    "done": true
  },
  "spartanweaponry:recipes/spartanweaponry.basic/stone_boomerang": {
    "criteria": {
      "has_cobblestone": "2024-10-19 23:37:36 +0000"
    },
    "done": true
  },
  "minecraft:recipes/building_blocks/emerald_block": {
    "criteria": {
      "has_emerald": "2024-10-19 23:38:50 +0000"
    },
    "done": true
  },
  "spartanweaponry:recipes/spartanweaponry.basic/diamond_battle_hammer": {
    "criteria": {
      "has_diamond": "2024-10-19 23:38:49 +0000"
    },
    "done": true
  },
  "minecraft:recipes/food/cake": {
    "criteria": {
      "has_the_recipe": "2024-10-19 23:34:30 +0000"
    },
    "done": true
  },
  "spartanweaponry:recipes/spartanweaponry.basic/diamond_scythe": {
    "criteria": {
      "has_diamond": "2024-10-19 23:38:49 +0000"
    },
    "done": true
  },
  "vampirism:recipes/vampirism/general/throne": {
    "criteria": {
      "has_planks": "2024-10-19 23:30:01 +0000"
    },
    "done": true
  },
  "minecraft:recipes/combat/iron_leggings": {
    "criteria": {
      "has_iron_ingot": "2024-10-19 23:38:51 +0000"
    },
    "done": true
  },
  "create:recipes/create.palettes/ornate_iron_window": {
    "criteria": {
      "has_ingredient": "2024-10-19 23:38:50 +0000"
    },
    "done": true
  },
  "create_dd:recipes/create_dd.palettes/blackstone_pillar_from_stone_types_blackstone_stonecutting": {
    "criteria": {
      "has_stone_types_blackstone": "2024-10-19 23:38:14 +0000"
    },
    "done": true
  },
  "vampirism:main/vampire_forest": {
    "criteria": {
      "main": "2024-10-19 23:50:39 +0000"
    },
    "done": true
  },
  "minecraft:recipes/brewing/golden_carrot": {
    "criteria": {
      "has_gold_nugget": "2024-10-19 23:38:37 +0000"
    },
    "done": true
  },
  "minecraft:recipes/combat/shield": {
    "criteria": {
      "has_iron_ingot": "2024-10-19 23:38:51 +0000"
    },
    "done": true
  },
  "tconstruct:recipes/tconstruct/gadgets/gadgets/shuriken/quartz_shuriken": {
    "criteria": {
      "has_item": "2024-10-19 23:38:50 +0000"
    },
    "done": true
  },
  "minecraft:recipes/building_blocks/cobblestone_slab": {
    "criteria": {
      "has_cobblestone": "2024-10-19 23:37:36 +0000"
    },
    "done": true
  },
  "decorative_blocks:recipes/decorative_blocks.general/lattice": {
    "criteria": {
      "has_stick": "2024-10-19 23:37:23 +0000"
    },
    "done": true
  },
  "minecraft:recipes/building_blocks/polished_blackstone_from_blackstone_stonecutting": {
    "criteria": {
      "has_blackstone": "2024-10-19 23:38:14 +0000"
    },
    "done": true
  },
  "spartanweaponry:recipes/spartanweaponry.basic/golden_spear": {
    "criteria": {
      "has_gold_ingot": "2024-10-19 23:38:50 +0000"
    },
    "done": true
  },
  "create_dd:recipes/building_blocks/blackstone_from_stone_types_blackstone_stonecutting": {
    "criteria": {
      "has_stone_types_blackstone": "2024-10-19 23:38:14 +0000"
    },
    "done": true
  },
  "minecraft:recipes/redstone/hopper": {
    "criteria": {
      "has_iron_ingot": "2024-10-19 23:38:51 +0000"
    },
    "done": true
  },
  "ironchest:recipes/ironchest/chests/diamond_obsidian_chest": {
    "criteria": {
      "has_obsidian": "2024-10-19 23:56:38 +0000"
    },
    "done": true
  },
  "minecraft:recipes/woodcutting/oak/oak_planks_from_oak_log_woodcutting": {
    "criteria": {
      "give_recipe": "2024-10-19 23:28:22 +0000"
    },
    "done": true
  },
  "spartanweaponry:recipes/spartanweaponry.basic/wooden_rapier": {
    "criteria": {
      "has_wood": "2024-10-19 23:30:01 +0000"
    },
    "done": true
  },
  "create:recipes/create.palettes/crafting/kinetics/lime_seat": {
    "criteria": {
      "has_wool": "2024-10-20 00:09:16 +0000"
    },
    "done": true
  },
  "minecraft:recipes/transportation/jungle_chest_boat": {
    "criteria": {
      "has_boat": "2024-10-19 23:51:20 +0000"
    },
    "done": true
  },
  "farmersdelight:recipes/farmersdelight/cooking/beef_stew": {
    "criteria": {
      "has_any_ingredient": "2024-10-19 23:42:41 +0000"
    },
    "done": true
  },
  "naturalist:recipes/food/cooked_egg": {
    "criteria": {
      "has_eggs": "2024-10-19 23:04:10 +0000"
    },
    "done": true
  },
  "vampirism:recipes/vampirism/vampire/coffin_white": {
    "criteria": {
      "has_wool": "2024-10-20 00:09:16 +0000"
    },
    "done": true
  },
  "spartanweaponry:recipes/spartanweaponry.basic/diamond_greatsword": {
    "criteria": {
      "has_diamond": "2024-10-19 23:38:49 +0000"
    },
    "done": true
  },
  "spartanfire:recipes/spartanfire/dragon_bone_katana": {
    "criteria": {
      "has_dragon_bone": "2024-10-20 00:16:59 +0000"
    },
    "done": true
  },
  "spartanweaponry:recipes/spartanweaponry.basic/wooden_flanged_mace": {
    "criteria": {
      "has_wood": "2024-10-19 23:30:01 +0000"
    },
    "done": true
  },
  "create_dd:recipes/create_dd.palettes/small_blackstone_brick_wall_from_stone_types_blackstone_stonecutting": {
    "criteria": {
      "has_stone_types_blackstone": "2024-10-19 23:38:14 +0000"
    },
    "done": true
  },
  "spartanweaponry:recipes/spartanweaponry.basic/wooden_boomerang": {
    "criteria": {
      "has_wood": "2024-10-19 23:30:01 +0000"
    },
    "done": true
  },
  "create_dd:recipes/create_dd.palettes/polished_cut_blackstone_from_stone_types_blackstone_stonecutting": {
    "criteria": {
      "has_stone_types_blackstone": "2024-10-19 23:38:14 +0000"
    },
    "done": true
  },
  "spartanweaponry:recipes/spartanweaponry.basic/stone_warhammer": {
    "criteria": {
      "has_cobblestone": "2024-10-19 23:37:36 +0000"
    },
    "done": true
  },
  "tconstruct:recipes/tconstruct/world/common/slime/earth/crystal_growing": {
    "criteria": {
      "has_dirt": "2024-10-19 23:33:00 +0000"
    },
    "done": true
  },
  "minecraft:recipes/combat/leather_leggings": {
    "criteria": {
      "has_leather": "2024-10-19 23:42:33 +0000"
    },
    "done": true
  },
  "minecraft:recipes/redstone/lectern": {
    "criteria": {
      "has_book": "2024-10-20 00:04:03 +0000"
    },
    "done": true
  },
  "minecraft:recipes/decorations/acacia_fence": {
    "criteria": {
      "has_planks": "2024-10-20 00:15:24 +0000"
    },
    "done": true
  },
  "minecraft:recipes/decorations/magenta_bed_from_white_bed": {
    "criteria": {
      "has_bed": "2024-10-20 00:10:08 +0000"
    },
    "done": true
  },
  "spartanweaponry:recipes/spartanweaponry.basic/stone_saber": {
    "criteria": {
      "has_cobblestone": "2024-10-19 23:37:36 +0000"
    },
    "done": true
  },
  "spartanshields:recipes/spartanshields/golden_tower_shield": {
    "criteria": {
      "has_gold_ingot": "2024-10-19 23:38:50 +0000"
    },
    "done": true
  },
  "minecraft:recipes/decorations/iron_bars": {
    "criteria": {
      "has_iron_ingot": "2024-10-19 23:38:51 +0000"
    },
    "done": true
  },
  "spartanweaponry:recipes/spartanweaponry.basic/wooden_warhammer": {
    "criteria": {
      "has_wood": "2024-10-19 23:30:01 +0000"
    },
    "done": true
  },
  "spartanweaponry:recipes/spartanweaponry.basic/diamond_quarterstaff": {
    "criteria": {
      "has_diamond": "2024-10-19 23:38:49 +0000"
    },
    "done": true
  },
  "create_dd:recipes/create_dd.palettes/cut_blackstone_slab_from_stone_types_blackstone_stonecutting": {
    "criteria": {
      "has_stone_types_blackstone": "2024-10-19 23:38:14 +0000"
    },
    "done": true
  },
  "minecraft:recipes/building_blocks/blue_wool": {
    "criteria": {
      "has_white_wool": "2024-10-20 00:09:16 +0000"
    },
    "done": true
  },
  "minecraft:recipes/transportation/acacia_chest_boat": {
    "criteria": {
      "has_boat": "2024-10-19 23:51:20 +0000"
    },
    "done": true
  },
  "minecraft:recipes/building_blocks/gold_block": {
    "criteria": {
      "has_gold_ingot": "2024-10-19 23:38:50 +0000"
    },
    "done": true
  },
  "spartanweaponry:recipes/spartanweaponry.basic/wooden_throwing_knife": {
    "criteria": {
      "has_wood": "2024-10-19 23:30:01 +0000"
    },
    "done": true
  },
  "minecraft:story/obtain_armor": {
    "criteria": {
      "iron_helmet": "2024-10-19 23:55:49 +0000"
    },
    "done": true
  },
  "minecraft:recipes/redstone/comparator": {
    "criteria": {
      "has_quartz": "2024-10-19 23:38:50 +0000"
    },
    "done": true
  },
  "minecraft:recipes/woodcutting/acacia/acacia_stairs_from_acacia_planks_woodcutting": {
    "criteria": {
      "give_recipe": "2024-10-20 00:15:24 +0000"
    },
    "done": true
  },
  "spartanweaponry:recipes/spartanweaponry.basic/golden_lance": {
    "criteria": {
      "has_gold_ingot": "2024-10-19 23:38:50 +0000"
    },
    "done": true
  },
  "create:recipes/create.base/crafting/logistics/pulse_repeater": {
    "criteria": {
      "has_item": "2024-10-19 23:38:51 +0000"
    },
    "done": true
  },
  "vampirism:recipes/vampirism/vampire/blood_infused_iron_ingot": {
    "criteria": {
      "has_iron": "2024-10-19 23:38:51 +0000"
    },
    "done": true
  },
  "minecraft:recipes/combat/diamond_leggings": {
    "criteria": {
      "has_diamond": "2024-10-19 23:38:49 +0000"
    },
    "done": true
  },
  "spartanweaponry:recipes/spartanweaponry.basic/wooden_longbow": {
    "criteria": {
      "has_wood": "2024-10-19 23:30:01 +0000"
    },
    "done": true
  },
  "minecraft:adventure/sleep_in_bed": {
    "criteria": {
      "slept_in_bed": "2024-10-20 00:10:10 +0000"
    },
    "done": true
  },
  "spartanweaponry:recipes/spartanweaponry.basic/iron_flanged_mace": {
    "criteria": {
      "has_iron_ingot": "2024-10-19 23:38:51 +0000"
    },
    "done": true
  },
  "spartanweaponry:recipes/spartanweaponry.basic/stone_glaive": {
    "criteria": {
      "has_cobblestone": "2024-10-19 23:37:36 +0000"
    },
    "done": true
  },
  "spartanweaponry:recipes/spartanweaponry.basic/iron_dagger": {
    "criteria": {
      "has_iron_ingot": "2024-10-19 23:38:51 +0000"
    },
    "done": true
  },
  "spartanweaponry:recipes/spartanweaponry.basic/iron_quarterstaff": {
    "criteria": {
      "has_iron_ingot": "2024-10-19 23:38:51 +0000"
    },
    "done": true
  },
  "minecraft:recipes/building_blocks/cobblestone_slab_from_cobblestone_stonecutting": {
    "criteria": {
      "has_cobblestone": "2024-10-19 23:37:36 +0000"
    },
    "done": true
  },
  "spartanweaponry:recipes/spartanweaponry.basic/golden_tomahawk": {
    "criteria": {
      "has_gold_ingot": "2024-10-19 23:38:50 +0000"
    },
    "done": true
  },
  "decorative_blocks:recipes/decorative_blocks.general/oak_support": {
    "criteria": {
      "has_plank": "2024-10-19 23:30:01 +0000"
    },
    "done": true
  },
  "create:recipes/create.palettes/crafting/kinetics/red_seat": {
    "criteria": {
      "has_wool": "2024-10-20 00:09:16 +0000"
    },
    "done": true
  },
  "minecraft:recipes/building_blocks/oak_stairs": {
    "criteria": {
      "has_planks": "2024-10-19 23:30:01 +0000"
    },
    "done": true
  },
  "farmersdelight:recipes/farmersdelight/roasted_mutton_chops": {
    "criteria": {
      "has_mutton": "2024-10-19 23:40:49 +0000"
    },
    "done": true
  },
  "ironchest:recipes/ironchest/chests/copper_iron_chest": {
    "criteria": {
      "has_item": "2024-10-19 23:38:51 +0000"
    },
    "done": true
  },
  "tconstruct:world/slime_collector": {
    "criteria": {
      "sky": "2024-10-19 23:30:27 +0000",
      "earth": "2024-10-20 00:03:51 +0000"
    },
    "done": false
  },
  "minecraft:recipes/transportation/acacia_boat": {
    "criteria": {
      "in_water": "2024-10-19 23:33:34 +0000"
    },
    "done": true
  },
  "minecraft:recipes/redstone/iron_trapdoor": {
    "criteria": {
      "has_iron_ingot": "2024-10-19 23:38:51 +0000"
    },
    "done": true
  },
  "minecraft:recipes/woodcutting/acacia/acacia_button_from_acacia_planks_woodcutting": {
    "criteria": {
      "give_recipe": "2024-10-20 00:15:24 +0000"
    },
    "done": true
  },
  "farmersdelight:recipes/farmersdelight/cutting_board": {
    "criteria": {
      "has_stick": "2024-10-19 23:37:23 +0000"
    },
    "done": true
  },
  "vampirism:recipes/vampirism/general/totem_base": {
    "criteria": {
      "has_obsidian": "2024-10-19 23:56:38 +0000"
    },
    "done": true
  },
  "spartanweaponry:recipes/spartanweaponry.basic/handle_from_leather": {
    "criteria": {
      "has_stick": "2024-10-19 23:37:23 +0000"
    },
    "done": true
  },
  "spartanshields:recipes/spartanshields/diamond_tower_shield": {
    "criteria": {
      "has_diamond": "2024-10-19 23:38:49 +0000"
    },
    "done": true
  },
  "minecraft:adventure/root": {
    "criteria": {
      "killed_something": "2024-10-19 23:42:23 +0000"
    },
    "done": true
  },
  "vampirism:recipes/vampirism/vampire/candelabra_candles": {
    "criteria": {
      "has_gold": "2024-10-19 23:38:50 +0000"
    },
    "done": true
  },
  "minecraft:recipes/woodcutting/oak/oak_pressure_plate_from_oak_planks_woodcutting": {
    "criteria": {
      "give_recipe": "2024-10-19 23:30:01 +0000"
    },
    "done": true
  },
  "minecraft:recipes/transportation/dark_oak_chest_boat": {
    "criteria": {
      "has_boat": "2024-10-19 23:51:20 +0000"
    },
    "done": true
  },
  "minecraft:recipes/woodcutting/oak/chest_from_oak_planks_woodcutting": {
    "criteria": {
      "give_recipe": "2024-10-19 23:30:01 +0000"
    },
    "done": true
  },
  "minecraft:recipes/woodcutting/acacia/acacia_trapdoor_from_acacia_planks_woodcutting": {
    "criteria": {
      "give_recipe": "2024-10-20 00:15:24 +0000"
    },
    "done": true
  },
  "minecraft:recipes/decorations/gray_bed_from_white_bed": {
    "criteria": {
      "has_bed": "2024-10-20 00:10:08 +0000"
    },
    "done": true
  },
  "tconstruct:recipes/tconstruct/general/common/tinkers_gadgetry": {
    "criteria": {
      "has_item": "2024-10-19 23:30:27 +0000"
    },
    "done": true
  },
  "minecraft:recipes/woodcutting/oak/oak_door_from_oak_planks_woodcutting": {
    "criteria": {
      "give_recipe": "2024-10-19 23:30:01 +0000"
    },
    "done": true
  },
  "spartanweaponry:recipes/spartanweaponry.basic/stone_scythe": {
    "criteria": {
      "has_cobblestone": "2024-10-19 23:37:36 +0000"
    },
    "done": true
  },
  "minecraft:recipes/tools/diamond_pickaxe": {
    "criteria": {
      "has_diamond": "2024-10-19 23:38:49 +0000"
    },
    "done": true
  },
  "tconstruct:recipes/tconstruct/world/common/slime/earth/congealed": {
    "criteria": {
      "has_item": "2024-10-20 00:03:51 +0000"
    },
    "done": true
  },
  "spartanweaponry:recipes/spartanweaponry.basic/diamond_flanged_mace": {
    "criteria": {
      "has_diamond": "2024-10-19 23:38:49 +0000"
    },
    "done": true
  },
  "mekanism:root": {
    "criteria": {
      "automatic": "2024-10-19 23:04:10 +0000"
    },
    "done": true
  },
  "vampirism:recipes/vampirism/hunter/item_med_chair": {
    "criteria": {
      "has_iron_ingot": "2024-10-19 23:38:51 +0000"
    },
    "done": true
  },
  "vampirism:recipes/vampirism/vampire/vampire_clothing_crown": {
    "criteria": {
      "has_gold": "2024-10-19 23:38:50 +0000"
    },
    "done": true
  },
  "vampirism:recipes/vampirism/alchemy_table": {
    "criteria": {
      "has_planks": "2024-10-19 23:30:01 +0000"
    },
    "done": true
  },
  "farmersdelight:recipes/farmersdelight/cooking_pot": {
    "criteria": {
      "has_iron_ingot": "2024-10-19 23:38:51 +0000"
    },
    "done": true
  },
  "minecraft:recipes/redstone/redstone_block": {
    "criteria": {
      "has_redstone": "2024-10-19 23:38:51 +0000"
    },
    "done": true
  },
  "spartanweaponry:recipes/spartanweaponry.basic/diamond_glaive": {
    "criteria": {
      "has_diamond": "2024-10-19 23:38:49 +0000"
    },
    "done": true
  },
  "minecraft:recipes/food/cooked_beef_from_smoking": {
    "criteria": {
      "has_beef": "2024-10-19 23:42:41 +0000"
    },
    "done": true
  },
  "minecraft:recipes/woodcutting/oak/barrel_from_oak_planks_woodcutting": {
    "criteria": {
      "give_recipe": "2024-10-19 23:30:01 +0000"
    },
    "done": true
  },
  "spartanweaponry:recipes/spartanweaponry.basic/iron_katana": {
    "criteria": {
      "has_iron_ingot": "2024-10-19 23:38:51 +0000"
    },
    "done": true
  },
  "minecraft:recipes/decorations/pink_bed_from_white_bed": {
    "criteria": {
      "has_bed": "2024-10-20 00:10:08 +0000"
    },
    "done": true
  },
  "minecraft:recipes/food/cooked_chicken_from_campfire_cooking": {
    "criteria": {
      "has_chicken": "2024-10-19 23:44:36 +0000"
    },
    "done": true
  },
  "minecraft:recipes/misc/iron_nugget_from_smelting": {
    "criteria": {
      "has_iron_pickaxe": "2024-10-19 23:41:03 +0000"
    },
    "done": true
  },
  "spartanshields:recipes/spartanshields/iron_tower_shield": {
    "criteria": {
      "has_iron_ingot": "2024-10-19 23:38:51 +0000"
    },
    "done": true
  },
  "minecraft:recipes/building_blocks/polished_blackstone_brick_stairs_from_blackstone_stonecutting": {
    "criteria": {
      "has_blackstone": "2024-10-19 23:38:14 +0000"
    },
    "done": true
  },
  "minecraft:recipes/woodcutting/acacia/acacia_chest_boat_from_acacia_planks_woodcutting": {
    "criteria": {
      "give_recipe": "2024-10-20 00:15:24 +0000"
    },
    "done": true
  },
  "spartanshields:recipes/spartanshields/iron_basic_shield": {
    "criteria": {
      "has_iron_ingot": "2024-10-19 23:38:51 +0000"
    },
    "done": true
  },
  "minecraft:recipes/decorations/chain": {
    "criteria": {
      "has_iron_nugget": "2024-10-19 23:38:50 +0000"
    },
    "done": true
  },
  "vampirism:recipes/vampirism/vampire/blood_infused_enhanced_iron_ingot": {
    "criteria": {
      "has_iron": "2024-10-19 23:38:51 +0000"
    },
    "done": true
  },
  "minecraft:recipes/decorations/oak_fence": {
    "criteria": {
      "has_planks": "2024-10-19 23:30:01 +0000"
    },
    "done": true
  },
  "spartanweaponry:recipes/spartanweaponry.basic/golden_saber": {
    "criteria": {
      "has_gold_ingot": "2024-10-19 23:38:50 +0000"
    },
    "done": true
  },
  "farmersdelight:recipes/farmersdelight/cooking/apple_cider": {
    "criteria": {
      "has_apple": "2024-10-19 23:36:06 +0000"
    },
    "done": true
  },
  "minecraft:recipes/building_blocks/polished_blackstone_bricks_from_blackstone_stonecutting": {
    "criteria": {
      "has_blackstone": "2024-10-19 23:38:14 +0000"
    },
    "done": true
  },
  "spartanweaponry:recipes/spartanweaponry.basic/leather_heavy_crossbow": {
    "criteria": {
      "has_leather": "2024-10-19 23:42:33 +0000"
    },
    "done": true
  },
  "supplementaries:adventure/way_sign": {
    "criteria": {
      "bastion": "2024-10-20 00:14:39 +0000"
    },
    "done": true
  },
  "vampirism:recipes/vampirism/vampire/blood_pedestal": {
    "criteria": {
      "has_gold": "2024-10-19 23:38:50 +0000"
    },
    "done": true
  },
  "minecraft:recipes/building_blocks/oak_slab": {
    "criteria": {
      "has_planks": "2024-10-19 23:30:01 +0000"
    },
    "done": true
  },
  "spartanweaponry:recipes/spartanweaponry.basic/golden_pike": {
    "criteria": {
      "has_gold_ingot": "2024-10-19 23:38:50 +0000"
    },
    "done": true
  },
  "spartanweaponry:recipes/spartanweaponry.basic/golden_boomerang": {
    "criteria": {
      "has_gold_ingot": "2024-10-19 23:38:50 +0000"
    },
    "done": true
  },
  "spartanweaponry:recipes/spartanweaponry.basic/golden_halberd": {
    "criteria": {
      "has_gold_ingot": "2024-10-19 23:38:50 +0000"
    },
    "done": true
  },
  "modonomicon:modonomicon/root": {
    "criteria": {
      "modonomicon_present": "2024-10-19 23:04:10 +0000"
    },
    "done": true
  },
  "spartanweaponry:recipes/spartanweaponry.basic/handle_from_wool": {
    "criteria": {
      "has_stick": "2024-10-19 23:37:23 +0000"
    },
    "done": true
  },
  "nethersdelight:recipes/nethersdelight/diamond_machete": {
    "criteria": {
      "has_diamond": "2024-10-19 23:38:49 +0000"
    },
    "done": true
  },
  "spartanweaponry:recipes/spartanweaponry.basic/leather_longbow": {
    "criteria": {
      "has_leather": "2024-10-19 23:42:33 +0000"
    },
    "done": true
  },
  "minecraft:recipes/brewing/blaze_powder": {
    "criteria": {
      "has_blaze_rod": "2024-10-19 23:56:28 +0000"
    },
    "done": true
  },
  "minecraft:recipes/building_blocks/black_wool": {
    "criteria": {
      "has_white_wool": "2024-10-20 00:09:16 +0000"
    },
    "done": true
  },
  "tconstruct:recipes/tconstruct/general/common/gold_platform": {
    "criteria": {
      "has_gold": "2024-10-19 23:38:50 +0000"
    },
    "done": true
  },
  "spartanweaponry:recipes/spartanweaponry.basic/stone_rapier": {
    "criteria": {
      "has_cobblestone": "2024-10-19 23:37:36 +0000"
    },
    "done": true
  },
  "minecraft:recipes/combat/golden_chestplate": {
    "criteria": {
      "has_gold_ingot": "2024-10-19 23:38:50 +0000"
    },
    "done": true
  },
  "sophisticatedbackpacks:recipes/sophisticatedbackpacks/iron_backpack": {
    "criteria": {
      "has_backpack": "2024-10-19 23:59:10 +0000"
    },
    "done": true
  },
  "spartanfire:recipes/spartanfire/dragon_bone_heavy_crossbow": {
    "criteria": {
      "has_dragon_bone": "2024-10-20 00:16:59 +0000"
    },
    "done": true
  },
  "minecraft:recipes/redstone/acacia_pressure_plate": {
    "criteria": {
      "has_planks": "2024-10-20 00:15:24 +0000"
    },
    "done": true
  },
  "minecraft:recipes/woodcutting/oak/oak_boat_from_oak_planks_woodcutting": {
    "criteria": {
      "give_recipe": "2024-10-19 23:30:01 +0000"
    },
    "done": true
  },
  "spartanweaponry:recipes/spartanweaponry.basic/iron_longbow": {
    "criteria": {
      "has_iron_ingot": "2024-10-19 23:38:51 +0000"
    },
    "done": true
  },
  "farmersdelight:recipes/farmersdelight/mutton_wrap": {
    "criteria": {
      "has_mutton": "2024-10-19 23:40:49 +0000"
    },
    "done": true
  },
  "spartanshields:recipes/spartanshields/wooden_tower_shield": {
    "criteria": {
      "has_planks": "2024-10-19 23:30:01 +0000"
    },
    "done": true
  },
  "minecraft:recipes/redstone/slime_block": {
    "criteria": {
      "has_slime_ball": "2024-10-20 00:03:51 +0000"
    },
    "done": true
  },
  "spartanweaponry:recipes/spartanweaponry.basic/stone_katana": {
    "criteria": {
      "has_cobblestone": "2024-10-19 23:37:36 +0000"
    },
    "done": true
  },
  "minecraft:recipes/woodcutting/oak/oak_fence_gate_from_oak_planks_woodcutting": {
    "criteria": {
      "give_recipe": "2024-10-19 23:30:01 +0000"
    },
    "done": true
  },
  "spartanweaponry:recipes/spartanweaponry.basic/wooden_battleaxe": {
    "criteria": {
      "has_wood": "2024-10-19 23:30:01 +0000"
    },
    "done": true
  },
  "minecraft:recipes/woodcutting/acacia/acacia_pressure_plate_from_acacia_planks_woodcutting": {
    "criteria": {
      "give_recipe": "2024-10-20 00:15:24 +0000"
    },
    "done": true
  },
  "spartanweaponry:recipes/spartanweaponry.basic/wooden_pike": {
    "criteria": {
      "has_wood": "2024-10-19 23:30:01 +0000"
    },
    "done": true
  },
  "vampirism:recipes/vampirism/vampire/garlic_finder": {
    "criteria": {
      "has_redstone": "2024-10-19 23:38:51 +0000"
    },
    "done": true
  },
  "minecraft:recipes/building_blocks/iron_block": {
    "criteria": {
      "has_iron_ingot": "2024-10-19 23:38:51 +0000"
    },
    "done": true
  },
  "decorative_blocks:recipes/decorative_blocks.general/rocky_dirt": {
    "criteria": {
      "has_dirt": "2024-10-19 23:26:46 +0000"
    },
    "done": true
  },
  "spartanweaponry:recipes/spartanweaponry.basic/stone_battle_hammer": {
    "criteria": {
      "has_cobblestone": "2024-10-19 23:37:36 +0000"
    },
    "done": true
  },
  "minecraft:recipes/decorations/blackstone_wall_from_blackstone_stonecutting": {
    "criteria": {
      "has_blackstone": "2024-10-19 23:38:14 +0000"
    },
    "done": true
  },
  "spartanweaponry:recipes/spartanweaponry.basic/stone_spear": {
    "criteria": {
      "has_cobblestone": "2024-10-19 23:37:36 +0000"
    },
    "done": true
  },
  "tconstruct:recipes/tconstruct/gadgets/gadgets/frame/gold": {
    "criteria": {
      "has_item": "2024-10-19 23:38:37 +0000"
    },
    "done": true
  },
  "minecraft:recipes/building_blocks/blackstone_stairs": {
    "criteria": {
      "has_blackstone": "2024-10-19 23:38:14 +0000"
    },
    "done": true
  },
  "sophisticatedbackpacks:recipes/sophisticatedbackpacks/copper_backpack": {
    "criteria": {
      "has_backpack": "2024-10-19 23:59:10 +0000"
    },
    "done": true
  },
  "minecraft:recipes/building_blocks/acacia_wood": {
    "criteria": {
      "has_log": "2024-10-20 00:15:15 +0000"
    },
    "done": true
  },
  "usefulslime:recipes/slime_sling": {
    "criteria": {
      "has_slime": "2024-10-19 23:30:27 +0000"
    },
    "done": true
  },
  "vampirism:recipes/vampirism/general/altar_cleansing": {
    "criteria": {
      "has_vampire_book": "2024-10-19 23:30:01 +0000"
    },
    "done": true
  },
  "create_dd:recipes/create_dd.palettes/polished_cut_blackstone_wall_from_stone_types_blackstone_stonecutting": {
    "criteria": {
      "has_stone_types_blackstone": "2024-10-19 23:38:14 +0000"
    },
    "done": true
  },
  "spartanfire:recipes/spartanfire/dragon_bone_scythe": {
    "criteria": {
      "has_dragon_bone": "2024-10-20 00:16:59 +0000"
    },
    "done": true
  },
  "create_dd:recipes/create_dd.palettes/cut_blackstone_from_stone_types_blackstone_stonecutting": {
    "criteria": {
      "has_stone_types_blackstone": "2024-10-19 23:38:14 +0000"
    },
    "done": true
  },
  "create:recipes/create.base/crafting/materials/andesite_alloy": {
    "criteria": {
      "has_item": "2024-10-19 23:38:51 +0000"
    },
    "done": true
  },
  "create:recipes/create.palettes/crafting/kinetics/cyan_seat": {
    "criteria": {
      "has_wool": "2024-10-20 00:09:16 +0000"
    },
    "done": true
  },
  "nethersdelight:recipes/nethersdelight/golden_machete": {
    "criteria": {
      "has_gold_ingot": "2024-10-19 23:38:50 +0000"
    },
    "done": true
  },
  "minecraft:recipes/building_blocks/light_blue_wool": {
    "criteria": {
      "has_white_wool": "2024-10-20 00:09:16 +0000"
    },
    "done": true
  },
  "botania:recipes/botania/blaze_block": {
    "criteria": {
      "has_item": "2024-10-19 23:56:28 +0000"
    },
    "done": true
  },
  "minecraft:recipes/building_blocks/blackstone_slab_from_blackstone_stonecutting": {
    "criteria": {
      "has_blackstone": "2024-10-19 23:38:14 +0000"
    },
    "done": true
  },
  "minecraft:recipes/combat/wooden_sword": {
    "criteria": {
      "has_stick": "2024-10-19 23:37:23 +0000"
    },
    "done": true
  },
  "minecraft:recipes/building_blocks/oak_planks": {
    "criteria": {
      "has_logs": "2024-10-19 23:28:22 +0000"
    },
    "done": true
  },
  "minecraft:recipes/woodcutting/acacia/barrel_from_acacia_planks_woodcutting": {
    "criteria": {
      "give_recipe": "2024-10-20 00:15:24 +0000"
    },
    "done": true
  },
  "minecraft:recipes/woodcutting/oak/oak_trapdoor_from_oak_planks_woodcutting": {
    "criteria": {
      "give_recipe": "2024-10-19 23:30:01 +0000"
    },
    "done": true
  },
  "spartanfire:recipes/spartanfire/dragon_bone_quarterstaff": {
    "criteria": {
      "has_dragon_bone": "2024-10-20 00:16:59 +0000"
    },
    "done": true
  },
  "spartanfire:recipes/spartanfire/dragon_bone_halberd": {
    "criteria": {
      "has_dragon_bone": "2024-10-20 00:16:59 +0000"
    },
    "done": true
  },
  "spartanweaponry:recipes/spartanweaponry.basic/golden_throwing_knife": {
    "criteria": {
      "has_gold_ingot": "2024-10-19 23:38:50 +0000"
    },
    "done": true
  },
  "minecraft:recipes/building_blocks/bookshelf": {
    "criteria": {
      "has_book": "2024-10-20 00:04:03 +0000"
    },
    "done": true
  },
  "minecraft:recipes/tools/golden_axe": {
    "criteria": {
      "has_gold_ingot": "2024-10-19 23:38:50 +0000"
    },
    "done": true
  },
  "create:recipes/create.palettes/crafting/kinetics/magenta_seat": {
    "criteria": {
      "has_wool": "2024-10-20 00:09:16 +0000"
    },
    "done": true
  },
  "spartanshields:recipes/spartanshields/obsidian_tower_shield": {
    "criteria": {
      "has_obsidian": "2024-10-19 23:56:38 +0000"
    },
    "done": true
  },
  "spartanweaponry:recipes/spartanweaponry.basic/diamond_pike": {
    "criteria": {
      "has_diamond": "2024-10-19 23:38:49 +0000"
    },
    "done": true
  },
  "vampirism:recipes/vampirism/general/vampire_rack": {
    "criteria": {
      "has_planks": "2024-10-19 23:30:01 +0000"
    },
    "done": true
  },
  "minecraft:recipes/tools/iron_axe": {
    "criteria": {
      "has_iron_ingot": "2024-10-19 23:38:51 +0000"
    },
    "done": true
  },
  "minecraft:recipes/transportation/mangrove_chest_boat": {
    "criteria": {
      "has_boat": "2024-10-19 23:51:20 +0000"
    },
    "done": true
  },
  "spartanweaponry:recipes/spartanweaponry.basic/golden_scythe": {
    "criteria": {
      "has_gold_ingot": "2024-10-19 23:38:50 +0000"
    },
    "done": true
  },
  "vampirism:recipes/vampirism/vampire/candelabra": {
    "criteria": {
      "has_gold": "2024-10-19 23:38:50 +0000"
    },
    "done": true
  },
  "minecraft:recipes/combat/iron_boots": {
    "criteria": {
      "has_iron_ingot": "2024-10-19 23:38:51 +0000"
    },
    "done": true
  },
  "create_dd:recipes/create_dd.palettes/cut_blackstone_stairs_from_stone_types_blackstone_stonecutting": {
    "criteria": {
      "has_stone_types_blackstone": "2024-10-19 23:38:14 +0000"
    },
    "done": true
  },
  "minecraft:recipes/misc/bone_meal": {
    "criteria": {
      "has_bone": "2024-10-20 00:10:53 +0000"
    },
    "done": true
  },
  "spartanweaponry:recipes/spartanweaponry.basic/iron_boomerang": {
    "criteria": {
      "has_iron_ingot": "2024-10-19 23:38:51 +0000"
    },
    "done": true
  },
  "minecraft:recipes/woodcutting/oak/oak_stairs_from_oak_planks_woodcutting": {
    "criteria": {
      "give_recipe": "2024-10-19 23:30:01 +0000"
    },
    "done": true
  },
  "tconstruct:recipes/tconstruct/general/common/gold_bars": {
    "criteria": {
      "has_ingot": "2024-10-19 23:38:50 +0000"
    },
    "done": true
  },
  "minecraft:story/iron_tools": {
    "criteria": {
      "iron_pickaxe": "2024-10-19 23:41:03 +0000"
    },
    "done": true
  },
  "farmersdelight:recipes/farmersdelight/iron_knife": {
    "criteria": {
      "has_iron_ingot": "2024-10-19 23:38:51 +0000"
    },
    "done": true
  },
  "minecraft:recipes/decorations/polished_blackstone_brick_wall_from_blackstone_stonecutting": {
    "criteria": {
      "has_blackstone": "2024-10-19 23:38:14 +0000"
    },
    "done": true
  },
  "minecraft:recipes/combat/crossbow": {
    "criteria": {
      "has_stick": "2024-10-19 23:37:23 +0000"
    },
    "done": true
  },
  "sophisticatedbackpacks:recipes/sophisticatedbackpacks/upgrade_base": {
    "criteria": {
      "has_leather": "2024-10-19 23:42:33 +0000"
    },
    "done": true
  },
  "minecraft:recipes/combat/iron_chestplate": {
    "criteria": {
      "has_iron_ingot": "2024-10-19 23:38:51 +0000"
    },
    "done": true
  },
  "minecraft:recipes/building_blocks/polished_blackstone_slab_from_blackstone_stonecutting": {
    "criteria": {
      "has_blackstone": "2024-10-19 23:38:14 +0000"
    },
    "done": true
  },
  "create:recipes/create.palettes/crafting/kinetics/orange_seat": {
    "criteria": {
      "has_wool": "2024-10-20 00:09:16 +0000"
    },
    "done": true
  },
  "minecraft:recipes/building_blocks/yellow_wool": {
    "criteria": {
      "has_white_wool": "2024-10-20 00:09:16 +0000"
    },
    "done": true
  },
  "minecraft:recipes/decorations/oak_sign": {
    "criteria": {
      "has_planks": "2024-10-19 23:30:01 +0000"
    },
    "done": true
  },
  "minecraft:recipes/redstone/oak_trapdoor": {
    "criteria": {
      "has_planks": "2024-10-19 23:30:01 +0000"
    },
    "done": true
  },
  "spartanfire:recipes/spartanfire/dragon_bone_parrying_dagger": {
    "criteria": {
      "has_dragon_bone": "2024-10-20 00:16:59 +0000"
    },
    "done": true
  },
  "create:recipes/create.base/crafting/kinetics/empty_blaze_burner": {
    "criteria": {
      "has_item": "2024-10-19 23:38:51 +0000"
    },
    "done": true
  },
  "minecraft:recipes/decorations/light_blue_bed_from_white_bed": {
    "criteria": {
      "has_bed": "2024-10-20 00:10:08 +0000"
    },
    "done": true
  },
  "decorative_blocks:recipes/decorative_blocks.general/acacia_palisade": {
    "criteria": {
      "has_log": "2024-10-20 00:15:15 +0000"
    },
    "done": true
  },
  "minecraft:recipes/misc/iron_nugget_from_blasting": {
    "criteria": {
      "has_iron_pickaxe": "2024-10-19 23:41:03 +0000"
    },
    "done": true
  },
  "spartanweaponry:recipes/spartanweaponry.basic/iron_halberd": {
    "criteria": {
      "has_iron_ingot": "2024-10-19 23:38:51 +0000"
    },
    "done": true
  },
  "spartanweaponry:recipes/spartanweaponry.basic/iron_battle_hammer": {
    "criteria": {
      "has_iron_ingot": "2024-10-19 23:38:51 +0000"
    },
    "done": true
  },
  "sophisticatedbackpacks:recipes/sophisticatedbackpacks/backpack": {
    "criteria": {
      "has_leather": "2024-10-19 23:42:33 +0000"
    },
    "done": true
  },
  "spartanweaponry:recipes/spartanweaponry.basic/iron_saber": {
    "criteria": {
      "has_iron_ingot": "2024-10-19 23:38:51 +0000"
    },
    "done": true
  },
  "botania:recipes/misc/conversions/blazeblock_deconstruct": {
    "criteria": {
      "has_item": "2024-10-19 23:56:28 +0000"
    },
    "done": true
  },
  "spartanweaponry:recipes/spartanweaponry.basic/golden_heavy_crossbow": {
    "criteria": {
      "has_gold_ingot": "2024-10-19 23:38:50 +0000"
    },
    "done": true
  },
  "create_dd:recipes/create_dd.palettes/cut_blackstone_brick_slab_from_stone_types_blackstone_stonecutting": {
    "criteria": {
      "has_stone_types_blackstone": "2024-10-19 23:38:14 +0000"
    },
    "done": true
  },
  "delchoco:grant_whistle_on_first_join": {
    "criteria": {
      "tick": "2024-10-19 23:04:10 +0000"
    },
    "done": true
  },
  "minecraft:recipes/tools/golden_pickaxe": {
    "criteria": {
      "has_gold_ingot": "2024-10-19 23:38:50 +0000"
    },
    "done": true
  },
  "minecraft:recipes/redstone/sticky_piston": {
    "criteria": {
      "has_slime_ball": "2024-10-20 00:03:51 +0000"
    },
    "done": true
  },
  "tombstone:recipes/from_grave_dust": {
    "criteria": {
      "has_ingredient": "2024-10-19 23:49:38 +0000"
    },
    "done": true
  },
  "minecraft:recipes/building_blocks/stone": {
    "criteria": {
      "has_cobblestone": "2024-10-19 23:37:36 +0000"
    },
    "done": true
  },
  "spartanfire:recipes/spartanfire/dragon_bone_battle_hammer": {
    "criteria": {
      "has_dragon_bone": "2024-10-20 00:16:59 +0000"
    },
    "done": true
  },
  "minecraft:adventure/adventuring_time": {
    "criteria": {
      "minecraft:sunflower_plains": "2024-10-19 23:45:47 +0000",
      "minecraft:beach": "2024-10-19 23:49:21 +0000",
      "minecraft:river": "2024-10-19 23:30:12 +0000",
      "minecraft:dripstone_caves": "2024-10-19 23:31:59 +0000",
      "minecraft:forest": "2024-10-19 23:35:37 +0000",
      "minecraft:jungle": "2024-10-20 00:00:34 +0000",
      "minecraft:ocean": "2024-10-19 23:50:54 +0000",
      "minecraft:flower_forest": "2024-10-19 23:28:27 +0000",
      "minecraft:old_growth_birch_forest": "2024-10-20 00:00:12 +0000",
      "minecraft:savanna": "2024-10-20 00:15:17 +0000",
      "minecraft:plains": "2024-10-19 23:04:11 +0000"
    },
    "done": false
  },
  "ironchest:recipes/ironchest/chests/vanilla_iron_chest": {
    "criteria": {
      "has_iron_ingot": "2024-10-19 23:38:51 +0000"
    },
    "done": true
  },
  "minecraft:recipes/decorations/purple_bed_from_white_bed": {
    "criteria": {
      "has_bed": "2024-10-20 00:10:08 +0000"
    },
    "done": true
  },
  "spartanweaponry:recipes/spartanweaponry.basic/wooden_scythe": {
    "criteria": {
      "has_wood": "2024-10-19 23:30:01 +0000"
    },
    "done": true
  },
  "decorative_blocks:recipes/decorative_blocks.general/acacia_seat": {
    "criteria": {
      "has_plank": "2024-10-20 00:15:24 +0000"
    },
    "done": true
  },
  "spartanweaponry:recipes/spartanweaponry.basic/diamond_boomerang": {
    "criteria": {
      "has_diamond": "2024-10-19 23:38:49 +0000"
    },
    "done": true
  },
  "spartanweaponry:recipes/spartanweaponry.basic/wooden_javelin": {
    "criteria": {
      "has_wood": "2024-10-19 23:30:01 +0000"
    },
    "done": true
  },
  "spartanweaponry:recipes/spartanweaponry.arrows_bolts/diamond_arrow": {
    "criteria": {
      "has_feather": "2024-10-19 23:44:39 +0000"
    },
    "done": true
  },
  "minecraft:recipes/combat/stone_sword": {
    "criteria": {
      "has_cobblestone": "2024-10-19 23:37:36 +0000"
    },
    "done": true
  },
  "minecraft:recipes/decorations/barrel": {
    "criteria": {
      "has_planks": "2024-10-19 23:30:01 +0000"
    },
    "done": true
  },
  "minecraft:recipes/decorations/cobblestone_wall": {
    "criteria": {
      "has_cobblestone": "2024-10-19 23:37:36 +0000"
    },
    "done": true
  },
  "spartanweaponry:recipes/spartanweaponry.basic/stone_halberd": {
    "criteria": {
      "has_cobblestone": "2024-10-19 23:37:36 +0000"
    },
    "done": true
  },
  "minecraft:recipes/tools/stone_pickaxe": {
    "criteria": {
      "has_cobblestone": "2024-10-19 23:37:36 +0000"
    },
    "done": true
  },
  "vampirism:recipes/vampirism/dark_spruce_boat": {
    "criteria": {
      "in_water": "2024-10-19 23:33:34 +0000"
    },
    "done": true
  },
  "minecraft:recipes/decorations/smithing_table": {
    "criteria": {
      "has_iron_ingot": "2024-10-19 23:38:51 +0000"
    },
    "done": true
  },
  "spartanweaponry:recipes/spartanweaponry.arrows_bolts/wooden_arrow": {
    "criteria": {
      "has_feather": "2024-10-19 23:44:39 +0000"
    },
    "done": true
  },
  "minecraft:recipes/combat/leather_boots": {
    "criteria": {
      "has_leather": "2024-10-19 23:42:33 +0000"
    },
    "done": true
  },
  "spartanweaponry:recipes/spartanweaponry.basic/wooden_saber": {
    "criteria": {
      "has_wood": "2024-10-19 23:30:01 +0000"
    },
    "done": true
  },
  "minecraft:recipes/decorations/cobblestone_wall_from_cobblestone_stonecutting": {
    "criteria": {
      "has_cobblestone": "2024-10-19 23:37:36 +0000"
    },
    "done": true
  },
  "vampirism:recipes/vampirism/alchemy_table/plant_oil": {
    "criteria": {
      "has_wheat_seeds": "2024-10-19 23:25:56 +0000"
    },
    "done": true
  },
  "minecraft:recipes/building_blocks/diamond_block": {
    "criteria": {
      "has_diamond": "2024-10-19 23:38:49 +0000"
    },
    "done": true
  },
  "minecraft:recipes/woodcutting/oak/oak_fence_from_oak_planks_woodcutting": {
    "criteria": {
      "give_recipe": "2024-10-19 23:30:01 +0000"
    },
    "done": true
  },
  "spartanweaponry:recipes/spartanweaponry.basic/wooden_longsword": {
    "criteria": {
      "has_wood": "2024-10-19 23:30:01 +0000"
    },
    "done": true
  },
  "spartanweaponry:recipes/spartanweaponry.basic/golden_glaive": {
    "criteria": {
      "has_gold_ingot": "2024-10-19 23:38:50 +0000"
    },
    "done": true
  },
  "create_dd:recipes/create_dd.palettes/small_blackstone_brick_slab_from_stone_types_blackstone_stonecutting": {
    "criteria": {
      "has_stone_types_blackstone": "2024-10-19 23:38:14 +0000"
    },
    "done": true
  },
  "minecraft:recipes/decorations/acacia_sign": {
    "criteria": {
      "has_planks": "2024-10-20 00:15:24 +0000"
    },
    "done": true
  },
  "spartanweaponry:recipes/spartanweaponry.basic/wooden_tomahawk": {
    "criteria": {
      "has_wood": "2024-10-19 23:30:01 +0000"
    },
    "done": true
  },
  "vampirism:recipes/vampirism/hunter/garlic_diffuser_normal": {
    "criteria": {
      "has_diamond": "2024-10-19 23:38:49 +0000"
    },
    "done": true
  },
  "spartanfire:recipes/spartanfire/dragon_bone_throwing_knife": {
    "criteria": {
      "has_dragon_bone": "2024-10-20 00:16:59 +0000"
    },
    "done": true
  },
  "spartanweaponry:recipes/spartanweaponry.basic/grease_ball": {
    "criteria": {
      "has_slimeball": "2024-10-19 23:30:27 +0000"
    },
    "done": true
  },
  "spartanweaponry:recipes/spartanweaponry.basic/wooden_heavy_crossbow": {
    "criteria": {
      "has_wood": "2024-10-19 23:30:01 +0000"
    },
    "done": true
  },
  "vampirism:recipes/vampirism/general/altar_cleansing_new": {
    "criteria": {
      "has_book": "2024-10-20 00:04:03 +0000"
    },
    "done": true
  },
  "minecraft:recipes/decorations/lantern": {
    "criteria": {
      "has_iron_nugget": "2024-10-19 23:38:50 +0000"
    },
    "done": true
  },
  "spartanfire:recipes/spartanfire/dragon_bone_boomerang": {
    "criteria": {
      "has_dragon_bone": "2024-10-20 00:16:59 +0000"
    },
    "done": true
  },
  "usefulslime:recipes/slime_boots": {
    "criteria": {
      "has_slime": "2024-10-19 23:30:27 +0000"
    },
    "done": true
  },
  "minecraft:recipes/misc/stick_from_bamboo_item": {
    "criteria": {
      "has_bamboo": "2024-10-20 00:01:31 +0000"
    },
    "done": true
  },
  "decorative_blocks:recipes/decorative_blocks.general/bar_panel": {
    "criteria": {
      "has_ingot": "2024-10-19 23:38:51 +0000"
    },
    "done": true
  },
  "minecraft:recipes/woodcutting/oak/oak_chest_boat_from_oak_planks_woodcutting": {
    "criteria": {
      "give_recipe": "2024-10-19 23:30:01 +0000"
    },
    "done": true
  },
  "spartanweaponry:recipes/spartanweaponry.basic/stone_pike": {
    "criteria": {
      "has_cobblestone": "2024-10-19 23:37:36 +0000"
    },
    "done": true
  },
  "spartanweaponry:recipes/spartanweaponry.basic/wooden_lance": {
    "criteria": {
      "has_wood": "2024-10-19 23:30:01 +0000"
    },
    "done": true
  },
  "minecraft:recipes/misc/gold_nugget_from_smelting": {
    "criteria": {
      "has_golden_helmet": "2024-10-19 23:50:00 +0000"
    },
    "done": true
  },
  "spartanweaponry:recipes/spartanweaponry.basic/wooden_greatsword": {
    "criteria": {
      "has_wood": "2024-10-19 23:30:01 +0000"
    },
    "done": true
  },
  "advancednetherite:recipes/advancednetherite.tab/netherite_diamond_ingot": {
    "criteria": {
      "has_TagKey[minecraft:item / forge:gems/diamond]": "2024-10-19 23:38:49 +0000"
    },
    "done": true
  },
  "vampirism:recipes/vampirism/hunter/weapon_table": {
    "criteria": {
      "has_iron_ingot": "2024-10-19 23:38:51 +0000"
    },
    "done": true
  },
  "tconstruct:recipes/redstone/common/slime/sticky_piston": {
    "criteria": {
      "has_slime_ball": "2024-10-19 23:30:27 +0000"
    },
    "done": true
  },
  "ironchest:recipes/ironchest/upgrades/wood_to_copper_chest_upgrade": {
    "criteria": {
      "has_item": "2024-10-19 23:30:01 +0000"
    },
    "done": true
  },
  "minecraft:recipes/building_blocks/light_gray_wool": {
    "criteria": {
      "has_white_wool": "2024-10-20 00:09:16 +0000"
    },
    "done": true
  },
  "minecraft:recipes/food/cooked_chicken": {
    "criteria": {
      "has_chicken": "2024-10-19 23:44:36 +0000"
    },
    "done": true
  },
  "nethersdelight:recipes/nethersdelight/iron_machete": {
    "criteria": {
      "has_iron_ingot": "2024-10-19 23:38:51 +0000"
    },
    "done": true
  },
  "minecraft:recipes/decorations/red_bed_from_white_bed": {
    "criteria": {
      "has_bed": "2024-10-20 00:10:08 +0000"
    },
    "done": true
  },
  "minecraft:recipes/building_blocks/red_wool": {
    "criteria": {
      "has_white_wool": "2024-10-20 00:09:16 +0000"
    },
    "done": true
  },
  "minecraft:recipes/building_blocks/acacia_stairs": {
    "criteria": {
      "has_planks": "2024-10-20 00:15:24 +0000"
    },
    "done": true
  },
  "create_dd:recipes/create_dd.palettes/cut_blackstone_wall_from_stone_types_blackstone_stonecutting": {
    "criteria": {
      "has_stone_types_blackstone": "2024-10-19 23:38:14 +0000"
    },
    "done": true
  },
  "vampirism:recipes/vampirism/general/tombstone2": {
    "criteria": {
      "has_coble": "2024-10-19 23:37:36 +0000"
    },
    "done": true
  },
  "minecraft:recipes/woodcutting/oak/oak_button_from_oak_planks_woodcutting": {
    "criteria": {
      "give_recipe": "2024-10-19 23:30:01 +0000"
    },
    "done": true
  },
  "minecraft:recipes/tools/stone_axe": {
    "criteria": {
      "has_cobblestone": "2024-10-19 23:37:36 +0000"
    },
    "done": true
  },
  "minecraft:recipes/food/cooked_mutton": {
    "criteria": {
      "has_the_recipe": "2024-10-19 23:40:49 +0000"
    },
    "done": true
  },
  "delchoco:grant_chocobo_leash_stick_on_first_join": {
    "criteria": {
      "tick": "2024-10-19 23:04:10 +0000"
    },
    "done": true
  },
  "spartanshields:recipes/spartanshields/stone_tower_shield": {
    "criteria": {
      "has_cobblestone": "2024-10-19 23:37:36 +0000"
    },
    "done": true
  },
  "spartanweaponry:recipes/spartanweaponry.basic/iron_scythe": {
    "criteria": {
      "has_iron_ingot": "2024-10-19 23:38:51 +0000"
    },
    "done": true
  },
  "apotheosis:affix/rare": {
    "criteria": {
      "sword": "2024-10-20 00:03:52 +0000"
    },
    "done": true
  },
  "minecraft:recipes/building_blocks/purple_wool": {
    "criteria": {
      "has_white_wool": "2024-10-20 00:09:16 +0000"
    },
    "done": true
  },
  "vampirism:recipes/vampirism/vampire/altar_infusion": {
    "criteria": {
      "has_gold": "2024-10-19 23:38:50 +0000"
    },
    "done": true
  },
  "spartanfire:recipes/spartanfire/dragon_bone_longsword": {
    "criteria": {
      "has_dragon_bone": "2024-10-20 00:16:59 +0000"
    },
    "done": true
  },
  "minecraft:recipes/building_blocks/cobblestone_stairs_from_cobblestone_stonecutting": {
    "criteria": {
      "has_cobblestone": "2024-10-19 23:37:36 +0000"
    },
    "done": true
  },
  "farmersdelight:recipes/farmersdelight/cooking/chicken_soup": {
    "criteria": {
      "has_any_ingredient": "2024-10-19 23:44:36 +0000"
    },
    "done": true
  },
  "spartanfire:recipes/spartanfire/dragon_bone_saber": {
    "criteria": {
      "has_dragon_bone": "2024-10-20 00:16:59 +0000"
    },
    "done": true
  },
  "minecraft:recipes/woodcutting/acacia/crafting_table_from_acacia_planks_woodcutting": {
    "criteria": {
      "give_recipe": "2024-10-20 00:15:24 +0000"
    },
    "done": true
  },
  "minecraft:recipes/misc/writable_book": {
    "criteria": {
      "has_book": "2024-10-20 00:04:03 +0000"
    },
    "done": true
  },
  "spartanweaponry:recipes/spartanweaponry.basic/diamond_longsword": {
    "criteria": {
      "has_diamond": "2024-10-19 23:38:49 +0000"
    },
    "done": true
  },
  "spartanweaponry:recipes/spartanweaponry.basic/diamond_halberd": {
    "criteria": {
      "has_diamond": "2024-10-19 23:38:49 +0000"
    },
    "done": true
  },
  "spartanweaponry:recipes/spartanweaponry.basic/diamond_lance": {
    "criteria": {
      "has_diamond": "2024-10-19 23:38:49 +0000"
    },
    "done": true
  },
  "minecraft:recipes/decorations/white_bed": {
    "criteria": {
      "has_white_wool": "2024-10-20 00:09:15 +0000"
    },
    "done": true
  },
  "vampirism:recipes/vampirism/general/fire_place": {
    "criteria": {
      "has_logs": "2024-10-19 23:28:22 +0000"
    },
    "done": true
  },
  "minecraft:recipes/decorations/campfire": {
    "criteria": {
      "has_stick": "2024-10-19 23:37:23 +0000"
    },
    "done": true
  },
  "spartanweaponry:recipes/spartanweaponry.basic/iron_lance": {
    "criteria": {
      "has_iron_ingot": "2024-10-19 23:38:51 +0000"
    },
    "done": true
  },
  "spartanweaponry:recipes/spartanweaponry.arrows_bolts/copper_arrow": {
    "criteria": {
      "has_feather": "2024-10-19 23:44:39 +0000"
    },
    "done": true
  },
  "minecraft:recipes/tools/golden_hoe": {
    "criteria": {
      "has_gold_ingot": "2024-10-19 23:38:50 +0000"
    },
    "done": true
  },
  "create_dd:recipes/create_dd.palettes/layered_blackstone_from_stone_types_blackstone_stonecutting": {
    "criteria": {
      "has_stone_types_blackstone": "2024-10-19 23:38:14 +0000"
    },
    "done": true
  },
  "minecraft:recipes/misc/iron_nugget": {
    "criteria": {
      "has_iron_ingot": "2024-10-19 23:38:51 +0000"
    },
    "done": true
  },
  "minecraft:recipes/woodcutting/oak/oak_sign_from_oak_planks_woodcutting": {
    "criteria": {
      "give_recipe": "2024-10-19 23:30:01 +0000"
    },
    "done": true
  },
  "create:recipes/create.palettes/crafting/kinetics/blue_seat": {
    "criteria": {
      "has_wool": "2024-10-20 00:09:16 +0000"
    },
    "done": true
  },
  "minecraft:recipes/decorations/black_bed_from_white_bed": {
    "criteria": {
      "has_bed": "2024-10-20 00:10:08 +0000"
    },
    "done": true
  },
  "spartanweaponry:recipes/spartanweaponry.basic/diamond_dagger": {
    "criteria": {
      "has_diamond": "2024-10-19 23:38:49 +0000"
    },
    "done": true
  },
  "ironchest:recipes/ironchest/chests/vanilla_dirt_chest": {
    "criteria": {
      "has_iron_ingot": "2024-10-19 23:26:46 +0000"
    },
    "done": true
  },
  "spartanweaponry:recipes/spartanweaponry.basic/large_quiver_upgrade_kit": {
    "criteria": {
      "has_diamond": "2024-10-19 23:38:49 +0000"
    },
    "done": true
  },
  "apotheosis:give_book": {
    "criteria": {
      "tick": "2024-10-19 23:04:10 +0000"
    },
    "done": true
  },
  "vampirism:recipes/vampirism/cursed_spruce_chest_boat": {
    "criteria": {
      "has_boat": "2024-10-19 23:51:20 +0000"
    },
    "done": true
  },
  "minecraft:recipes/combat/diamond_sword": {
    "criteria": {
      "has_diamond": "2024-10-19 23:38:49 +0000"
    },
    "done": true
  },
  "botania:recipes/botania/redstone_root": {
    "criteria": {
      "has_item": "2024-10-19 23:38:51 +0000"
    },
    "done": true
  },
  "minecraft:recipes/building_blocks/cyan_wool": {
    "criteria": {
      "has_white_wool": "2024-10-20 00:09:16 +0000"
    },
    "done": true
  },
  "spartanweaponry:recipes/spartanweaponry.basic/iron_spear": {
    "criteria": {
      "has_iron_ingot": "2024-10-19 23:38:51 +0000"
    },
    "done": true
  },
  "tombstone:adventure/cancel_ghostly_shape": {
    "criteria": {
      "coded_trigger": "2024-10-19 23:46:26 +0000"
    },
    "done": true
  },
  "spartanweaponry:recipes/spartanweaponry.basic/iron_heavy_crossbow": {
    "criteria": {
      "has_iron_ingot": "2024-10-19 23:38:51 +0000"
    },
    "done": true
  },
  "minecraft:recipes/decorations/jukebox": {
    "criteria": {
      "has_diamond": "2024-10-19 23:38:49 +0000"
    },
    "done": true
  },
  "minecraft:recipes/transportation/spruce_boat": {
    "criteria": {
      "in_water": "2024-10-19 23:33:34 +0000"
    },
    "done": true
  },
  "minecraft:recipes/building_blocks/diorite": {
    "criteria": {
      "has_quartz": "2024-10-19 23:38:50 +0000"
    },
    "done": true
  },
  "create:recipes/create.palettes/oak_window": {
    "criteria": {
      "has_ingredient": "2024-10-19 23:30:01 +0000"
    },
    "done": true
  },
  "minecraft:recipes/tools/flint_and_steel": {
    "criteria": {
      "has_obsidian": "2024-10-19 23:56:38 +0000"
    },
    "done": true
  },
  "spartanweaponry:recipes/spartanweaponry.basic/diamond_throwing_knife": {
    "criteria": {
      "has_diamond": "2024-10-19 23:38:49 +0000"
    },
    "done": true
  },
  "apotheosis:affix/root": {
    "criteria": {
      "sword": "2024-10-19 23:55:49 +0000"
    },
    "done": true
  },
  "spartanweaponry:recipes/spartanweaponry.basic/pole_from_leather": {
    "criteria": {
      "has_stick": "2024-10-19 23:37:23 +0000"
    },
    "done": true
  },
  "minecraft:recipes/woodcutting/acacia/acacia_door_from_acacia_planks_woodcutting": {
    "criteria": {
      "give_recipe": "2024-10-20 00:15:24 +0000"
    },
    "done": true
  },
  "delightful:recipes/food/cooking/jelly_bottle": {
    "criteria": {
      "has_sweet_fruit": "2024-10-19 23:36:06 +0000"
    },
    "done": true
  },
  "create_dd:recipes/create_dd.palettes/small_blackstone_brick_stairs_from_stone_types_blackstone_stonecutting": {
    "criteria": {
      "has_stone_types_blackstone": "2024-10-19 23:38:14 +0000"
    },
    "done": true
  },
  "spartanweaponry:recipes/spartanweaponry.basic/diamond_battleaxe": {
    "criteria": {
      "has_diamond": "2024-10-19 23:38:49 +0000"
    },
    "done": true
  },
  "minecraft:recipes/building_blocks/gray_wool": {
    "criteria": {
      "has_white_wool": "2024-10-20 00:09:16 +0000"
    },
    "done": true
  },
  "spartanweaponry:recipes/spartanweaponry.arrows_bolts/diamond_bolt": {
    "criteria": {
      "has_feather": "2024-10-19 23:44:39 +0000"
    },
    "done": true
  },
  "spartanweaponry:recipes/spartanweaponry.basic/iron_parrying_dagger": {
    "criteria": {
      "has_iron_ingot": "2024-10-19 23:38:51 +0000"
    },
    "done": true
  },
  "minecraft:recipes/misc/gold_nugget": {
    "criteria": {
      "has_gold_ingot": "2024-10-19 23:38:50 +0000"
    },
    "done": true
  },
  "minecraft:recipes/misc/sugar_from_sugar_cane": {
    "criteria": {
      "has_sugar_cane": "2024-10-19 23:34:27 +0000"
    },
    "done": true
  },
  "apotheotic_additions:main/tower": {
    "criteria": {
      "enter_tower": "2024-10-20 00:03:33 +0000"
    },
    "done": true
  },
  "spartanweaponry:recipes/spartanweaponry.basic/cestus": {
    "criteria": {
      "has_leather": "2024-10-19 23:42:33 +0000"
    },
    "done": true
  },
  "spartanfire:recipes/spartanfire/dragon_bone_battleaxe": {
    "criteria": {
      "has_dragon_bone": "2024-10-20 00:16:59 +0000"
    },
    "done": true
  },
  "minecraft:husbandry/balanced_diet": {
    "criteria": {
      "cooked_mutton": "2024-10-19 23:57:08 +0000"
    },
    "done": false
  },
  "tombstone:recipes/from_grave_key": {
    "criteria": {
      "has_ingredient": "2024-10-19 23:14:19 +0000"
    },
    "done": true
  },
  "minecraft:recipes/tools/wooden_hoe": {
    "criteria": {
      "has_stick": "2024-10-19 23:37:23 +0000"
    },
    "done": true
  },
  "spartanweaponry:recipes/spartanweaponry.basic/iron_battleaxe": {
    "criteria": {
      "has_iron_ingot": "2024-10-19 23:38:51 +0000"
    },
    "done": true
  },
  "minecraft:recipes/misc/bucket": {
    "criteria": {
      "has_iron_ingot": "2024-10-19 23:38:51 +0000"
    },
    "done": true
  },
  "tconstruct:recipes/tools/common/slime/lead": {
    "criteria": {
      "has_slime_ball": "2024-10-19 23:30:27 +0000"
    },
    "done": true
  },
  "spartanweaponry:recipes/spartanweaponry.basic/wooden_glaive": {
    "criteria": {
      "has_wood": "2024-10-19 23:30:01 +0000"
    },
    "done": true
  },
  "minecraft:recipes/building_blocks/cobblestone_stairs": {
    "criteria": {
      "has_cobblestone": "2024-10-19 23:37:36 +0000"
    },
    "done": true
  },
  "decorative_blocks:recipes/decorative_blocks.general/oak_palisade": {
    "criteria": {
      "has_log": "2024-10-19 23:28:22 +0000"
    },
    "done": true
  },
  "sliceanddice:recipes/tools/slicer": {
    "criteria": {
      "has_tool": "2024-10-20 00:15:52 +0000"
    },
    "done": true
  },
  "minecraft:recipes/decorations/yellow_bed_from_white_bed": {
    "criteria": {
      "has_bed": "2024-10-20 00:10:08 +0000"
    },
    "done": true
  },
  "delightful:recipes/food/cooking/sinigang_no_ginger_citrus": {
    "criteria": {
      "has_ginger": "2024-10-19 23:36:06 +0000"
    },
    "done": true
  },
  "create:recipes/create.base/crafting/logistics/powered_toggle_latch": {
    "criteria": {
      "has_item": "2024-10-19 23:38:51 +0000"
    },
    "done": true
  },
  "spartanfire:recipes/spartanfire/dragon_bone_spear": {
    "criteria": {
      "has_dragon_bone": "2024-10-20 00:16:59 +0000"
    },
    "done": true
  },
  "minecraft:recipes/redstone/note_block": {
    "criteria": {
      "has_redstone": "2024-10-19 23:38:51 +0000"
    },
    "done": true
  },
  "advancednetherite:recipes/advancednetherite.tab/netherite_emerald_ingot": {
    "criteria": {
      "has_TagKey[minecraft:item / forge:gems/emerald]": "2024-10-19 23:38:50 +0000"
    },
    "done": true
  },
  "tombstone:adventure/first_grave": {
    "criteria": {
      "coded_trigger": "2024-10-19 23:14:18 +0000"
    },
    "done": true
  },
  "minecraft:recipes/decorations/white_banner": {
    "criteria": {
      "has_white_wool": "2024-10-20 00:09:16 +0000"
    },
    "done": true
  },
  "minecraft:recipes/building_blocks/polished_blackstone_stairs_from_blackstone_stonecutting": {
    "criteria": {
      "has_blackstone": "2024-10-19 23:38:14 +0000"
    },
    "done": true
  },
  "delbase:grant_book_on_first_join": {
    "criteria": {
      "tick": "2024-10-19 23:04:10 +0000"
    },
    "done": true
  },
  "vampirism:recipes/vampirism/vampire/altar_inspiration": {
    "criteria": {
      "has_planks": "2024-10-19 23:30:01 +0000"
    },
    "done": true
  },
  "occultism:occultism/root": {
    "criteria": {
      "occultism_present": "2024-10-19 23:04:10 +0000"
    },
    "done": true
  },
  "minecraft:recipes/misc/leather_horse_armor": {
    "criteria": {
      "has_leather": "2024-10-19 23:42:33 +0000"
    },
    "done": true
  },
  "create:recipes/create.palettes/crafting/kinetics/white_seat": {
    "criteria": {
      "has_wool": "2024-10-20 00:09:16 +0000"
    },
    "done": true
  },
  "minecraft:recipes/combat/iron_helmet": {
    "criteria": {
      "has_iron_ingot": "2024-10-19 23:38:51 +0000"
    },
    "done": true
  },
  "minecraft:recipes/tools/golden_shovel": {
    "criteria": {
      "has_gold_ingot": "2024-10-19 23:38:50 +0000"
    },
    "done": true
  },
  "minecraft:recipes/redstone/oak_fence_gate": {
    "criteria": {
      "has_planks": "2024-10-19 23:30:01 +0000"
    },
    "done": true
  },
  "minecraft:recipes/food/cooked_chicken_from_smoking": {
    "criteria": {
      "has_chicken": "2024-10-19 23:44:36 +0000"
    },
    "done": true
  },
  "minecraft:recipes/building_blocks/acacia_slab": {
    "criteria": {
      "has_planks": "2024-10-20 00:15:24 +0000"
    },
    "done": true
  },
  "minecraft:recipes/building_blocks/granite": {
    "criteria": {
      "has_quartz": "2024-10-19 23:38:50 +0000"
    },
    "done": true
  },
  "spartanshields:recipes/spartanshields/stone_basic_shield": {
    "criteria": {
      "has_cobblestone": "2024-10-19 23:37:36 +0000"
    },
    "done": true
  },
  "spartanweaponry:recipes/spartanweaponry.basic/diamond_katana": {
    "criteria": {
      "has_diamond": "2024-10-19 23:38:49 +0000"
    },
    "done": true
  },
  "spartanweaponry:recipes/spartanweaponry.basic/simple_handle": {
    "criteria": {
      "has_stick": "2024-10-19 23:37:23 +0000"
    },
    "done": true
  },
  "minecraft:recipes/decorations/orange_bed_from_white_bed": {
    "criteria": {
      "has_bed": "2024-10-20 00:10:08 +0000"
    },
    "done": true
  },
  "decorative_blocks:recipes/decorative_blocks.general/acacia_support": {
    "criteria": {
      "has_plank": "2024-10-20 00:15:24 +0000"
    },
    "done": true
  },
  "vampirism:recipes/vampirism/hunter/stake": {
    "criteria": {
      "has_sticks": "2024-10-19 23:37:23 +0000"
    },
    "done": true
  },
  "minecraft:recipes/combat/diamond_chestplate": {
    "criteria": {
      "has_diamond": "2024-10-19 23:38:49 +0000"
    },
    "done": true
  },
  "minecraft:recipes/transportation/oak_chest_boat": {
    "criteria": {
      "has_boat": "2024-10-19 23:51:20 +0000"
    },
    "done": true
  },
  "spartanweaponry:recipes/spartanweaponry.basic/stone_longsword": {
    "criteria": {
      "has_cobblestone": "2024-10-19 23:37:36 +0000"
    },
    "done": true
  },
  "minecraft:story/mine_stone": {
    "criteria": {
      "get_stone": "2024-10-19 23:37:36 +0000"
    },
    "done": true
  },
  "minecraft:recipes/redstone/target": {
    "criteria": {
      "has_redstone": "2024-10-19 23:38:51 +0000"
    },
    "done": true
  },
  "spartanweaponry:recipes/spartanweaponry.basic/wooden_spear": {
    "criteria": {
      "has_wood": "2024-10-19 23:30:01 +0000"
    },
    "done": true
  },
  "minecraft:recipes/decorations/furnace": {
    "criteria": {
      "has_cobblestone": "2024-10-19 23:37:36 +0000"
    },
    "done": true
  },
  "minecraft:recipes/transportation/minecart": {
    "criteria": {
      "has_iron_ingot": "2024-10-19 23:38:51 +0000"
    },
    "done": true
  },
  "spartanweaponry:recipes/spartanweaponry.basic/diamond_rapier": {
    "criteria": {
      "has_diamond": "2024-10-19 23:38:49 +0000"
    },
    "done": true
  },
  "advancednetherite:recipes/advancednetherite.tab/netherite_iron_ingot": {
    "criteria": {
      "has_TagKey[minecraft:item / forge:ingots/iron]": "2024-10-19 23:38:51 +0000"
    },
    "done": true
  },
  "spartanweaponry:recipes/spartanweaponry.basic/iron_glaive": {
    "criteria": {
      "has_iron_ingot": "2024-10-19 23:38:51 +0000"
    },
    "done": true
  },
  "minecraft:recipes/woodcutting/acacia/chest_from_acacia_planks_woodcutting": {
    "criteria": {
      "give_recipe": "2024-10-20 00:15:24 +0000"
    },
    "done": true
  },
  "spartanweaponry:recipes/spartanweaponry.basic/golden_quarterstaff": {
    "criteria": {
      "has_gold_ingot": "2024-10-19 23:38:50 +0000"
    },
    "done": true
  },
  "spartanweaponry:recipes/spartanweaponry.basic/iron_longsword": {
    "criteria": {
      "has_iron_ingot": "2024-10-19 23:38:50 +0000"
    },
    "done": true
  },
  "vampirism:recipes/vampirism/general/grave_cage": {
    "criteria": {
      "has_coal": "2024-10-19 23:37:49 +0000"
    },
    "done": true
  },
  "minecraft:recipes/misc/charcoal": {
    "criteria": {
      "has_log": "2024-10-19 23:28:22 +0000"
    },
    "done": true
  },
  "minecraft:recipes/building_blocks/orange_wool": {
    "criteria": {
      "has_white_wool": "2024-10-20 00:09:15 +0000"
    },
    "done": true
  },
  "minecraft:recipes/tools/iron_hoe": {
    "criteria": {
      "has_iron_ingot": "2024-10-19 23:38:51 +0000"
    },
    "done": true
  },
  "minecraft:recipes/tools/wooden_pickaxe": {
    "criteria": {
      "has_stick": "2024-10-19 23:37:23 +0000"
    },
    "done": true
  },
  "create:recipes/create.palettes/crafting/kinetics/green_seat": {
    "criteria": {
      "has_wool": "2024-10-20 00:09:16 +0000"
    },
    "done": true
  },
  "vampirism:recipes/vampirism/cursed_spruce_boat": {
    "criteria": {
      "in_water": "2024-10-19 23:33:34 +0000"
    },
    "done": true
  },
  "minecraft:recipes/redstone/redstone_torch": {
    "criteria": {
      "has_redstone": "2024-10-19 23:38:51 +0000"
    },
    "done": true
  },
  "spartanweaponry:recipes/spartanweaponry.arrows_bolts/copper_bolt": {
    "criteria": {
      "has_feather": "2024-10-19 23:44:39 +0000"
    },
    "done": true
  },
  "minecraft:husbandry/root": {
    "criteria": {
      "consumed_item": "2024-10-19 23:49:26 +0000"
    },
    "done": true
  },
  "minecraft:recipes/transportation/birch_boat": {
    "criteria": {
      "in_water": "2024-10-19 23:33:34 +0000"
    },
    "done": true
  },
  "minecraft:recipes/food/golden_apple": {
    "criteria": {
      "has_gold_ingot": "2024-10-19 23:38:50 +0000"
    },
    "done": true
  },
  "spartanweaponry:recipes/spartanweaponry.basic/diamond_parrying_dagger": {
    "criteria": {
      "has_diamond": "2024-10-19 23:38:49 +0000"
    },
    "done": true
  },
  "spartanfire:recipes/spartanfire/dragon_bone_glaive": {
    "criteria": {
      "has_dragon_bone": "2024-10-20 00:16:59 +0000"
    },
    "done": true
  },
  "minecraft:recipes/decorations/enchanting_table": {
    "criteria": {
      "has_obsidian": "2024-10-19 23:56:38 +0000"
    },
    "done": true
  },
  "minecraft:recipes/tools/iron_shovel": {
    "criteria": {
      "has_iron_ingot": "2024-10-19 23:38:51 +0000"
    },
    "done": true
  },
  "create:recipes/create.palettes/crafting/kinetics/purple_seat": {
    "criteria": {
      "has_wool": "2024-10-20 00:09:16 +0000"
    },
    "done": true
  },
  "minecraft:recipes/redstone/acacia_door": {
    "criteria": {
      "has_planks": "2024-10-20 00:15:24 +0000"
    },
    "done": true
  },
  "spartanweaponry:recipes/spartanweaponry.basic/diamond_saber": {
    "criteria": {
      "has_diamond": "2024-10-19 23:38:49 +0000"
    },
    "done": true
  },
  "botania:recipes/botania/red_string_container": {
    "criteria": {
      "has_base_block": "2024-10-20 00:15:36 +0000"
    },
    "done": true
  },
  "spartanweaponry:recipes/spartanweaponry.basic/iron_throwing_knife": {
    "criteria": {
      "has_iron_ingot": "2024-10-19 23:38:51 +0000"
    },
    "done": true
  },
  "minecraft:recipes/building_blocks/polished_blackstone": {
    "criteria": {
      "has_blackstone": "2024-10-19 23:38:14 +0000"
    },
    "done": true
  },
  "minecraft:recipes/decorations/cyan_bed_from_white_bed": {
    "criteria": {
      "has_bed": "2024-10-20 00:10:08 +0000"
    },
    "done": true
  },
  "spartanweaponry:recipes/spartanweaponry.basic/golden_javelin": {
    "criteria": {
      "has_gold_ingot": "2024-10-19 23:38:50 +0000"
    },
    "done": true
  },
  "spartanweaponry:recipes/spartanweaponry.basic/stone_dagger": {
    "criteria": {
      "has_cobblestone": "2024-10-19 23:37:36 +0000"
    },
    "done": true
  },
  "spartanweaponry:recipes/spartanweaponry.basic/golden_flanged_mace": {
    "criteria": {
      "has_gold_ingot": "2024-10-19 23:38:50 +0000"
    },
    "done": true
  },
  "farmersdelight:main/root": {
    "criteria": {
      "seeds": "2024-10-19 23:04:10 +0000"
    },
    "done": true
  },
  "minecraft:recipes/decorations/item_frame": {
    "criteria": {
      "has_leather": "2024-10-19 23:42:33 +0000"
    },
    "done": true
  },
  "spartanfire:recipes/spartanfire/dragon_bone_javelin": {
    "criteria": {
      "has_dragon_bone": "2024-10-20 00:16:59 +0000"
    },
    "done": true
  },
  "minecraft:recipes/decorations/lime_bed_from_white_bed": {
    "criteria": {
      "has_bed": "2024-10-20 00:10:08 +0000"
    },
    "done": true
  },
  "botania:recipes/botania/lexicon": {
    "criteria": {
      "has_alt_item": "2024-10-20 00:04:03 +0000"
    },
    "done": true
  },
  "minecraft:recipes/tools/clock": {
    "criteria": {
      "has_redstone": "2024-10-19 23:38:51 +0000"
    },
    "done": true
  },
  "minecraft:recipes/tools/stone_hoe": {
    "criteria": {
      "has_cobblestone": "2024-10-19 23:37:36 +0000"
    },
    "done": true
  },
  "vampirism:recipes/vampirism/general/totem_top": {
    "criteria": {
      "has_obsidian": "2024-10-19 23:56:38 +0000"
    },
    "done": true
  },
  "minecraft:recipes/tools/diamond_hoe": {
    "criteria": {
      "has_diamond": "2024-10-19 23:38:49 +0000"
    },
    "done": true
  },
  "create_dd:recipes/create_dd.palettes/polished_cut_blackstone_stairs_from_stone_types_blackstone_stonecutting": {
    "criteria": {
      "has_stone_types_blackstone": "2024-10-19 23:38:14 +0000"
    },
    "done": true
  },
  "minecraft:recipes/tools/diamond_shovel": {
    "criteria": {
      "has_diamond": "2024-10-19 23:38:49 +0000"
    },
    "done": true
  },
  "create:recipes/create.palettes/crafting/kinetics/light_blue_seat": {
    "criteria": {
      "has_wool": "2024-10-20 00:09:16 +0000"
    },
    "done": true
  },
  "spartanweaponry:recipes/spartanweaponry.basic/golden_battleaxe": {
    "criteria": {
      "has_gold_ingot": "2024-10-19 23:38:50 +0000"
    },
    "done": true
  },
  "minecraft:recipes/decorations/green_bed_from_white_bed": {
    "criteria": {
      "has_bed": "2024-10-20 00:10:08 +0000"
    },
    "done": true
  },
  "tconstruct:world/sky_island": {
    "criteria": {
      "found_island": "2024-10-19 23:30:45 +0000"
    },
    "done": true
  },
  "spartanweaponry:recipes/spartanweaponry.basic/golden_greatsword": {
    "criteria": {
      "has_gold_ingot": "2024-10-19 23:38:50 +0000"
    },
    "done": true
  },
  "minecraft:recipes/decorations/white_carpet": {
    "criteria": {
      "has_white_wool": "2024-10-20 00:09:16 +0000"
    },
    "done": true
  },
  "spartanweaponry:recipes/spartanweaponry.basic/diamond_spear": {
    "criteria": {
      "has_diamond": "2024-10-19 23:38:49 +0000"
    },
    "done": true
  },
  "spartanweaponry:recipes/spartanweaponry.basic/stone_quarterstaff": {
    "criteria": {
      "has_cobblestone": "2024-10-19 23:37:36 +0000"
    },
    "done": true
  },
  "create:recipes/create.base/crafting/materials/rose_quartz": {
    "criteria": {
      "has_item": "2024-10-19 23:38:51 +0000"
    },
    "done": true
  },
  "minecraft:recipes/transportation/birch_chest_boat": {
    "criteria": {
      "has_boat": "2024-10-19 23:51:20 +0000"
    },
    "done": true
  },
  "create:root": {
    "criteria": {
      "0": "2024-10-19 23:04:10 +0000"
    },
    "done": true
  },
  "minecraft:recipes/misc/gold_ingot_from_nuggets": {
    "criteria": {
      "has_gold_nugget": "2024-10-19 23:38:37 +0000"
    },
    "done": true
  },
  "spartanweaponry:recipes/spartanweaponry.basic/medium_quiver_upgrade_kit": {
    "criteria": {
      "has_gold_ingot": "2024-10-19 23:38:50 +0000"
    },
    "done": true
  },
  "nethersdelight:recipes/nethersdelight/blackstone_blast_furnace": {
    "criteria": {
      "has_iron": "2024-10-19 23:38:51 +0000"
    },
    "done": true
  },
  "minecraft:story/mine_diamond": {
    "criteria": {
      "diamond": "2024-10-19 23:38:49 +0000"
    },
    "done": true
  },
  "minecraft:story/upgrade_tools": {
    "criteria": {
      "stone_pickaxe": "2024-10-19 23:37:42 +0000"
    },
    "done": true
  },
  "minecraft:recipes/combat/diamond_helmet": {
    "criteria": {
      "has_diamond": "2024-10-19 23:38:49 +0000"
    },
    "done": true
  },
  "tconstruct:recipes/tconstruct/general/common/iron_platform": {
    "criteria": {
      "has_bars": "2024-10-19 23:38:51 +0000"
    },
    "done": true
  },
  "minecraft:recipes/transportation/oak_boat": {
    "criteria": {
      "in_water": "2024-10-19 23:33:34 +0000"
    },
    "done": true
  },
  "advancednetherite:recipes/advancednetherite.tab/netherite_gold_ingot": {
    "criteria": {
      "has_TagKey[minecraft:item / forge:ingots/gold]": "2024-10-19 23:38:50 +0000"
    },
    "done": true
  },
  "minecraft:recipes/decorations/blue_bed_from_white_bed": {
    "criteria": {
      "has_bed": "2024-10-20 00:10:08 +0000"
    },
    "done": true
  },
  "spartanweaponry:recipes/spartanweaponry.basic/diamond_heavy_crossbow": {
    "criteria": {
      "has_diamond": "2024-10-19 23:38:49 +0000"
    },
    "done": true
  },
  "create_dd:recipes/create_dd.palettes/cut_blackstone_brick_wall_from_stone_types_blackstone_stonecutting": {
    "criteria": {
      "has_stone_types_blackstone": "2024-10-19 23:38:14 +0000"
    },
    "done": true
  },
  "spartanfire:recipes/spartanfire/dragon_bone_lance": {
    "criteria": {
      "has_dragon_bone": "2024-10-20 00:16:59 +0000"
    },
    "done": true
  },
  "botania:recipes/botania/quartz_red": {
    "criteria": {
      "has_item": "2024-10-19 23:38:50 +0000"
    },
    "done": true
  },
  "majruszsdifficulty:game_stage_normal": {
    "criteria": {
      "is_triggered": "2024-10-19 23:04:10 +0000"
    },
    "done": true
  },
  "spartanweaponry:recipes/spartanweaponry.basic/stone_flanged_mace": {
    "criteria": {
      "has_cobblestone": "2024-10-19 23:37:36 +0000"
    },
    "done": true
  },
  "minecraft:recipes/combat/golden_boots": {
    "criteria": {
      "has_gold_ingot": "2024-10-19 23:38:50 +0000"
    },
    "done": true
  },
  "minecraft:recipes/tools/wooden_axe": {
    "criteria": {
      "has_stick": "2024-10-19 23:37:23 +0000"
    },
    "done": true
  },
  "spartanfire:recipes/spartanfire/dragon_bone_flanged_mace": {
    "criteria": {
      "has_dragon_bone": "2024-10-20 00:16:59 +0000"
    },
    "done": true
  },
  "minecraft:recipes/building_blocks/lime_wool": {
    "criteria": {
      "has_white_wool": "2024-10-20 00:09:16 +0000"
    },
    "done": true
  },
  "minecraft:recipes/woodcutting/acacia/acacia_boat_from_acacia_planks_woodcutting": {
    "criteria": {
      "give_recipe": "2024-10-20 00:15:24 +0000"
    },
    "done": true
  },
  "minecraft:recipes/misc/paper": {
    "criteria": {
      "has_reeds": "2024-10-19 23:34:27 +0000"
    },
    "done": true
  },
  "create:recipes/create.palettes/crafting/kinetics/gray_seat": {
    "criteria": {
      "has_wool": "2024-10-20 00:09:16 +0000"
    },
    "done": true
  },
  "minecraft:recipes/building_blocks/green_wool": {
    "criteria": {
      "has_white_wool": "2024-10-20 00:09:16 +0000"
    },
    "done": true
  },
  "minecraft:recipes/tools/diamond_axe": {
    "criteria": {
      "has_diamond": "2024-10-19 23:38:49 +0000"
    },
    "done": true
  },
  "minecraft:recipes/building_blocks/brown_wool": {
    "criteria": {
      "has_white_wool": "2024-10-20 00:09:16 +0000"
    },
    "done": true
  },
  "vampirism:recipes/vampirism/hunter/alchemical_cauldron": {
    "criteria": {
      "has_iron": "2024-10-19 23:38:51 +0000"
    },
    "done": true
  },
  "farmersdelight:recipes/farmersdelight/cooking/pasta_with_meatballs": {
    "criteria": {
      "has_any_ingredient": "2024-10-19 23:42:41 +0000"
    },
    "done": true
  },
  "spartanweaponry:recipes/spartanweaponry.basic/iron_pike": {
    "criteria": {
      "has_iron_ingot": "2024-10-19 23:38:51 +0000"
    },
    "done": true
  },
  "minecraft:recipes/decorations/scaffolding": {
    "criteria": {
      "has_bamboo": "2024-10-20 00:01:31 +0000"
    },
    "done": true
  },
  "spartanweaponry:recipes/spartanweaponry.basic/stone_lance": {
    "criteria": {
      "has_cobblestone": "2024-10-19 23:37:36 +0000"
    },
    "done": true
  },
  "minecraft:recipes/decorations/painting": {
    "criteria": {
      "has_wool": "2024-10-20 00:09:16 +0000"
    },
    "done": true
  },
  "spartanweaponry:recipes/spartanweaponry.basic/iron_tomahawk": {
    "criteria": {
      "has_iron_ingot": "2024-10-19 23:38:51 +0000"
    },
    "done": true
  },
  "tconstruct:recipes/tconstruct/gadgets/gadgets/punji": {
    "criteria": {
      "has_item": "2024-10-20 00:01:31 +0000"
    },
    "done": true
  },
  "minecraft:recipes/combat/arrow": {
    "criteria": {
      "has_feather": "2024-10-19 23:44:39 +0000"
    },
    "done": true
  },
  "minecraft:recipes/redstone/acacia_fence_gate": {
    "criteria": {
      "has_planks": "2024-10-20 00:15:24 +0000"
    },
    "done": true
  },
  "ironchest:recipes/ironchest/chests/iron_gold_chest": {
    "criteria": {
      "has_gold_ingot": "2024-10-19 23:38:50 +0000"
    },
    "done": true
  },
  "minecraft:recipes/building_blocks/coal_block": {
    "criteria": {
      "has_coal": "2024-10-19 23:37:49 +0000"
    },
    "done": true
  },
  "spartanweaponry:recipes/spartanweaponry.basic/iron_javelin": {
    "criteria": {
      "has_iron_ingot": "2024-10-19 23:38:51 +0000"
    },
    "done": true
  },
  "spartanweaponry:recipes/spartanweaponry.basic/wooden_club": {
    "criteria": {
      "has_wood_log": "2024-10-19 23:28:22 +0000"
    },
    "done": true
  },
  "spartanweaponry:recipes/spartanweaponry.basic/golden_dagger": {
    "criteria": {
      "has_gold_ingot": "2024-10-19 23:38:50 +0000"
    },
    "done": true
  },
  "minecraft:recipes/redstone/light_weighted_pressure_plate": {
    "criteria": {
      "has_gold_ingot": "2024-10-19 23:38:50 +0000"
    },
    "done": true
  },
  "vampirism:recipes/vampirism/dark_spruce_chest_boat": {
    "criteria": {
      "has_boat": "2024-10-19 23:51:20 +0000"
    },
    "done": true
  },
  "minecraft:recipes/misc/gold_nugget_from_blasting": {
    "criteria": {
      "has_golden_helmet": "2024-10-19 23:50:00 +0000"
    },
    "done": true
  },
  "minecraft:recipes/tools/stone_shovel": {
    "criteria": {
      "has_cobblestone": "2024-10-19 23:37:36 +0000"
    },
    "done": true
  },
  "spartanweaponry:recipes/spartanweaponry.basic/iron_rapier": {
    "criteria": {
      "has_iron_ingot": "2024-10-19 23:38:51 +0000"
    },
    "done": true
  },
  "vampirism:recipes/vampirism/hunter/crossbow_arrow_normal": {
    "criteria": {
      "has_iron_ingot": "2024-10-19 23:38:51 +0000"
    },
    "done": true
  },
  "farmersdelight:recipes/farmersdelight/cooking/bone_broth": {
    "criteria": {
      "has_bone": "2024-10-20 00:10:53 +0000"
    },
    "done": true
  },
  "spartanweaponry:recipes/spartanweaponry.arrows_bolts/bolt": {
    "criteria": {
      "has_feather": "2024-10-19 23:44:39 +0000"
    },
    "done": true
  },
  "spartanshields:recipes/spartanshields/diamond_basic_shield": {
    "criteria": {
      "has_diamond": "2024-10-19 23:38:49 +0000"
    },
    "done": true
  },
  "tombstone:adventure/root": {
    "criteria": {
      "auto": "2024-10-19 23:04:11 +0000"
    },
    "done": true
  },
  "nethersdelight:recipes/nethersdelight/blackstone_furnace": {
    "criteria": {
      "has_blackstone": "2024-10-19 23:38:14 +0000"
    },
    "done": true
  },
  "minecraft:recipes/decorations/polished_blackstone_wall_from_blackstone_stonecutting": {
    "criteria": {
      "has_blackstone": "2024-10-19 23:38:14 +0000"
    },
    "done": true
  },
  "create:recipes/create.palettes/crafting/kinetics/brown_seat": {
    "criteria": {
      "has_wool": "2024-10-20 00:09:16 +0000"
    },
    "done": true
  },
  "botania:recipes/botania/quartz_dark": {
    "criteria": {
      "has_item": "2024-10-19 23:38:50 +0000"
    },
    "done": true
  },
  "irons_spellbooks:grant_patchouli": {
    "criteria": {
      "tick": "2024-10-19 23:04:10 +0000"
    },
    "done": true
  },
  "minecraft:recipes/woodcutting/oak/crafting_table_from_oak_planks_woodcutting": {
    "criteria": {
      "give_recipe": "2024-10-19 23:30:01 +0000"
    },
    "done": true
  },
  "naturalist:recipes/naturalist/bug_net": {
    "criteria": {
      "has_bamboo": "2024-10-20 00:01:31 +0000"
    },
    "done": true
  },
  "spartanweaponry:recipes/spartanweaponry.arrows_bolts/iron_arrow": {
    "criteria": {
      "has_feather": "2024-10-19 23:44:39 +0000"
    },
    "done": true
  },
  "minecraft:recipes/combat/golden_helmet": {
    "criteria": {
      "has_gold_ingot": "2024-10-19 23:38:50 +0000"
    },
    "done": true
  },
  "minecraft:recipes/redstone/acacia_trapdoor": {
    "criteria": {
      "has_planks": "2024-10-20 00:15:24 +0000"
    },
    "done": true
  },
  "minecraft:recipes/tools/lead": {
    "criteria": {
      "has_slime_ball": "2024-10-20 00:03:51 +0000"
    },
    "done": true
  },
  "farmersdelight:recipes/farmersdelight/shepherds_pie_block": {
    "criteria": {
      "has_cooked_mutton": "2024-10-19 23:40:49 +0000"
    },
    "done": true
  },
  "minecraft:recipes/redstone/oak_pressure_plate": {
    "criteria": {
      "has_planks": "2024-10-19 23:30:01 +0000"
    },
    "done": true
  },
  "create:recipes/create.palettes/crafting/kinetics/black_seat": {
    "criteria": {
      "has_wool": "2024-10-20 00:09:16 +0000"
    },
    "done": true
  },
  "spartanshields:recipes/spartanshields/obsidian_basic_shield": {
    "criteria": {
      "has_obsidian": "2024-10-19 23:56:38 +0000"
    },
    "done": true
  },
  "apotheosis:affix/gem": {
    "criteria": {
      "gem": "2024-10-20 00:03:51 +0000"
    },
    "done": true
  },
  "tconstruct:recipes/redstone/common/glass/vanilla/daylight_detector": {
    "criteria": {
      "has_quartz": "2024-10-19 23:38:50 +0000"
    },
    "done": true
  },
  "spartanweaponry:recipes/spartanweaponry.basic/diamond_longbow": {
    "criteria": {
      "has_diamond": "2024-10-19 23:38:49 +0000"
    },
    "done": true
  },
  "minecraft:recipes/woodcutting/acacia/acacia_fence_gate_from_acacia_planks_woodcutting": {
    "criteria": {
      "give_recipe": "2024-10-20 00:15:24 +0000"
    },
    "done": true
  },
  "minecraft:recipes/decorations/blackstone_wall": {
    "criteria": {
      "has_blackstone": "2024-10-19 23:38:14 +0000"
    },
    "done": true
  },
  "ironchest:recipes/ironchest/chests/gold_diamond_chest": {
    "criteria": {
      "has_diamonds": "2024-10-19 23:38:49 +0000"
    },
    "done": true
  },
  "spartanweaponry:recipes/spartanweaponry.basic/stone_battleaxe": {
    "criteria": {
      "has_cobblestone": "2024-10-19 23:37:36 +0000"
    },
    "done": true
  },
  "create:recipes/create.palettes/acacia_window": {
    "criteria": {
      "has_ingredient": "2024-10-20 00:15:24 +0000"
    },
    "done": true
  },
  "minecraft:recipes/building_blocks/oak_wood": {
    "criteria": {
      "has_log": "2024-10-19 23:28:22 +0000"
    },
    "done": true
  },
  "spartanweaponry:recipes/spartanweaponry.basic/diamond_tomahawk": {
    "criteria": {
      "has_diamond": "2024-10-19 23:38:49 +0000"
    },
    "done": true
  },
  "minecraft:story/root": {
    "criteria": {
      "crafting_table": "2024-10-19 23:31:00 +0000"
    },
    "done": true
  },
  "minecraft:recipes/building_blocks/blackstone_slab": {
    "criteria": {
      "has_blackstone": "2024-10-19 23:38:14 +0000"
    },
    "done": true
  },
  "minecraft:recipes/woodcutting/acacia/acacia_planks_from_acacia_log_woodcutting": {
    "criteria": {
      "give_recipe": "2024-10-20 00:15:15 +0000"
    },
    "done": true
  },
  "spartanweaponry:recipes/spartanweaponry.basic/iron_warhammer": {
    "criteria": {
      "has_iron_ingot": "2024-10-19 23:38:51 +0000"
    },
    "done": true
  },
  "minecraft:recipes/redstone/dropper": {
    "criteria": {
      "has_redstone": "2024-10-19 23:38:51 +0000"
    },
    "done": true
  },
  "spartanweaponry:recipes/spartanweaponry.basic/pole_from_wool": {
    "criteria": {
      "has_stick": "2024-10-19 23:37:23 +0000"
    },
    "done": true
  },
  "spartanweaponry:recipes/spartanweaponry.basic/stone_parrying_dagger": {
    "criteria": {
      "has_cobblestone": "2024-10-19 23:37:36 +0000"
    },
    "done": true
  },
  "minecraft:recipes/transportation/spruce_chest_boat": {
    "criteria": {
      "has_boat": "2024-10-19 23:51:20 +0000"
    },
    "done": true
  },
  "minecraft:story/form_obsidian": {
    "criteria": {
      "obsidian": "2024-10-19 23:56:38 +0000"
    },
    "done": true
  },
  "minecraft:recipes/brewing/brewing_stand": {
    "criteria": {
      "has_blaze_rod": "2024-10-19 23:56:28 +0000"
    },
    "done": true
  },
  "create_dd:recipes/create_dd.palettes/cut_blackstone_bricks_from_stone_types_blackstone_stonecutting": {
    "criteria": {
      "has_stone_types_blackstone": "2024-10-19 23:38:14 +0000"
    },
    "done": true
  },
  "decorative_blocks:recipes/decorative_blocks.general/oak_seat": {
    "criteria": {
      "has_plank": "2024-10-19 23:30:01 +0000"
    },
    "done": true
  },
  "ironchest:recipes/ironchest/upgrades/iron_to_gold_chest_upgrade": {
    "criteria": {
      "has_iron_ingot": "2024-10-19 23:38:51 +0000"
    },
    "done": true
  },
  "minecraft:recipes/combat/leather_chestplate": {
    "criteria": {
      "has_leather": "2024-10-19 23:42:33 +0000"
    },
    "done": true
  },
  "minecraft:recipes/building_blocks/acacia_planks": {
    "criteria": {
      "has_log": "2024-10-20 00:15:15 +0000"
    },
    "done": true
  },
  "spartanweaponry:recipes/spartanweaponry.basic/golden_katana": {
    "criteria": {
      "has_gold_ingot": "2024-10-19 23:38:50 +0000"
    },
    "done": true
  },
  "minecraft:recipes/tools/compass": {
    "criteria": {
      "has_redstone": "2024-10-19 23:38:51 +0000"
    },
    "done": true
  },
  "spartanweaponry:recipes/spartanweaponry.basic/stone_throwing_knife": {
    "criteria": {
      "has_cobblestone": "2024-10-19 23:37:36 +0000"
    },
    "done": true
  },
  "spartanweaponry:recipes/spartanweaponry.basic/diamond_javelin": {
    "criteria": {
      "has_diamond": "2024-10-19 23:38:49 +0000"
    },
    "done": true
  },
  "vampirism:recipes/vampirism/vampire/altar_tip": {
    "criteria": {
      "has_iron": "2024-10-19 23:38:51 +0000"
    },
    "done": true
  },
  "create:recipes/create.base/crafting/appliances/crafting_blueprint": {
    "criteria": {
      "has_item": "2024-10-19 23:31:00 +0000"
    },
    "done": true
  },
  "minecraft:recipes/redstone/oak_button": {
    "criteria": {
      "has_planks": "2024-10-19 23:30:01 +0000"
    },
    "done": true
  },
  "vampirism:recipes/vampirism/vampire/blood_container": {
    "criteria": {
      "has_iron": "2024-10-19 23:38:51 +0000"
    },
    "done": true
  },
  "farmersdelight:recipes/farmersdelight/flint_knife": {
    "criteria": {
      "has_stick": "2024-10-19 23:37:23 +0000"
    },
    "done": true
  },
  "minecraft:nether/obtain_blaze_rod": {
    "criteria": {
      "blaze_rod": "2024-10-19 23:56:28 +0000"
    },
    "done": true
  },
  "minecraft:recipes/building_blocks/quartz_block": {
    "criteria": {
      "has_quartz": "2024-10-19 23:38:50 +0000"
    },
    "done": true
  },
  "tconstruct:recipes/tconstruct/world/common/slime/sky/congealed": {
    "criteria": {
      "has_item": "2024-10-19 23:30:27 +0000"
    },
    "done": true
  },
  "minecraft:recipes/woodcutting/acacia/acacia_fence_from_acacia_planks_woodcutting": {
    "criteria": {
      "give_recipe": "2024-10-20 00:15:24 +0000"
    },
    "done": true
  },
  "minecraft:recipes/food/cooked_beef": {
    "criteria": {
      "has_beef": "2024-10-19 23:42:41 +0000"
    },
    "done": true
  },
  "minecraft:recipes/redstone/iron_door": {
    "criteria": {
      "has_iron_ingot": "2024-10-19 23:38:51 +0000"
    },
    "done": true
  },
  "spartanweaponry:recipes/spartanweaponry.basic/golden_longbow": {
    "criteria": {
      "has_gold_ingot": "2024-10-19 23:38:50 +0000"
    },
    "done": true
  },
  "spartanshields:recipes/spartanshields/wooden_basic_shield": {
    "criteria": {
      "has_planks": "2024-10-19 23:30:01 +0000"
    },
    "done": true
  },
  "minecraft:recipes/building_blocks/chiseled_polished_blackstone_from_blackstone_stonecutting": {
    "criteria": {
      "has_blackstone": "2024-10-19 23:38:14 +0000"
    },
    "done": true
  },
  "create_dd:recipes/create_dd.palettes/polished_cut_blackstone_slab_from_stone_types_blackstone_stonecutting": {
    "criteria": {
      "has_stone_types_blackstone": "2024-10-19 23:38:14 +0000"
    },
    "done": true
  },
  "spartanweaponry:recipes/spartanweaponry.basic/golden_longsword": {
    "criteria": {
      "has_gold_ingot": "2024-10-19 23:38:50 +0000"
    },
    "done": true
  },
  "create:recipes/create.palettes/crafting/kinetics/pink_seat": {
    "criteria": {
      "has_wool": "2024-10-20 00:09:16 +0000"
    },
    "done": true
  },
  "minecraft:recipes/misc/iron_ingot_from_nuggets": {
    "criteria": {
      "has_iron_nugget": "2024-10-19 23:38:50 +0000"
    },
    "done": true
  },
  "minecraft:recipes/building_blocks/blackstone_stairs_from_blackstone_stonecutting": {
    "criteria": {
      "has_blackstone": "2024-10-19 23:38:14 +0000"
    },
    "done": true
  },
  "botania:recipes/botania/quartz_lavender": {
    "criteria": {
      "has_item": "2024-10-19 23:38:50 +0000"
    },
    "done": true
  },
  "spartanweaponry:recipes/spartanweaponry.basic/wooden_parrying_dagger": {
    "criteria": {
      "has_wood": "2024-10-19 23:30:01 +0000"
    },
    "done": true
  },
  "minecraft:recipes/redstone/oak_door": {
    "criteria": {
      "has_planks": "2024-10-19 23:30:01 +0000"
    },
    "done": true
  },
  "tconstruct:recipes/tconstruct/world/common/slime/sky/slimeblock": {
    "criteria": {
      "has_item": "2024-10-19 23:30:27 +0000"
    },
    "done": true
  },
  "spartanweaponry:recipes/spartanweaponry.basic/golden_rapier": {
    "criteria": {
      "has_gold_ingot": "2024-10-19 23:38:50 +0000"
    },
    "done": true
  },
  "farmersdelight:recipes/farmersdelight/diamond_knife": {
    "criteria": {
      "has_diamond": "2024-10-19 23:38:49 +0000"
    },
    "done": true
  },
  "minecraft:recipes/transportation/jungle_boat": {
    "criteria": {
      "in_water": "2024-10-19 23:33:34 +0000"
    },
    "done": true
  },
  "spartanfire:recipes/spartanfire/dragon_bone_pike": {
    "criteria": {
      "has_dragon_bone": "2024-10-20 00:16:59 +0000"
    },
    "done": true
  },
  "tconstruct:recipes/tconstruct/gadgets/gadgets/frame/diamond": {
    "criteria": {
      "has_item": "2024-10-19 23:38:49 +0000"
    },
    "done": true
  },
  "spartanweaponry:recipes/spartanweaponry.basic/wooden_dagger": {
    "criteria": {
      "has_wood": "2024-10-19 23:30:01 +0000"
    },
    "done": true
  },
  "ironchest:recipes/ironchest/upgrades/wood_to_iron_chest_upgrade": {
    "criteria": {
      "has_iron_ingot": "2024-10-19 23:38:51 +0000"
    },
    "done": true
  },
  "tconstruct:recipes/tconstruct/general/tables/pattern": {
    "criteria": {
      "has_item": "2024-10-19 23:37:23 +0000"
    },
    "done": true
  },
  "minecraft:recipes/redstone/heavy_weighted_pressure_plate": {
    "criteria": {
      "has_iron_ingot": "2024-10-19 23:38:51 +0000"
    },
    "done": true
  },
  "farmersdelight:recipes/farmersdelight/golden_knife": {
    "criteria": {
      "has_gold_ingot": "2024-10-19 23:38:50 +0000"
    },
    "done": true
  },
  "minecraft:recipes/transportation/dark_oak_boat": {
    "criteria": {
      "in_water": "2024-10-19 23:33:34 +0000"
    },
    "done": true
  },
  "minecraft:recipes/redstone/daylight_detector": {
    "criteria": {
      "has_quartz": "2024-10-19 23:38:50 +0000"
    },
    "done": true
  },
  "botania:recipes/botania/quartz_blaze": {
    "criteria": {
      "has_item": "2024-10-19 23:38:50 +0000"
    },
    "done": true
  },
  "minecraft:recipes/building_blocks/pink_wool": {
    "criteria": {
      "has_white_wool": "2024-10-20 00:09:16 +0000"
    },
    "done": true
  },
  "vampirism:recipes/vampirism/hunter/crucifix": {
    "criteria": {
      "planks": "2024-10-19 23:30:01 +0000"
    },
    "done": true
  },
  "tconstruct:recipes/tconstruct/tools/tools/armor/travelers_shield": {
    "criteria": {
      "has_item": "2024-10-19 23:42:33 +0000"
    },
    "done": true
  },
  "minecraft:recipes/decorations/brown_bed_from_white_bed": {
    "criteria": {
      "has_bed": "2024-10-20 00:10:08 +0000"
    },
    "done": true
  },
  "minecraft:recipes/building_blocks/polished_blackstone_brick_slab_from_blackstone_stonecutting": {
    "criteria": {
      "has_blackstone": "2024-10-19 23:38:14 +0000"
    },
    "done": true
  },
  "minecraft:recipes/redstone/piston": {
    "criteria": {
      "has_redstone": "2024-10-19 23:38:51 +0000"
    },
    "done": true
  },
  "minecraft:recipes/combat/golden_leggings": {
    "criteria": {
      "has_gold_ingot": "2024-10-19 23:38:50 +0000"
    },
    "done": true
  },
  "create_dd:recipes/misc/crafting/coal_from_coal_piece": {
    "criteria": {
      "has_coal": "2024-10-19 23:37:49 +0000"
    },
    "done": true
  },
  "create:recipes/create.base/crafting/logistics/pulse_extender": {
    "criteria": {
      "has_item": "2024-10-19 23:38:51 +0000"
    },
    "done": true
  },
  "tconstruct:recipes/tconstruct/general/common/slime/sky/slimeball_from_block": {
    "criteria": {
      "has_item": "2024-10-19 23:30:29 +0000"
    },
    "done": true
  },
  "spartanweaponry:recipes/spartanweaponry.basic/pole_from_string": {
    "criteria": {
      "has_stick": "2024-10-19 23:37:23 +0000"
    },
    "done": true
  },
  "spartanweaponry:recipes/spartanweaponry.basic/golden_parrying_dagger": {
    "criteria": {
      "has_gold_ingot": "2024-10-19 23:38:50 +0000"
    },
    "done": true
  },
  "spartanweaponry:recipes/spartanweaponry.basic/golden_battle_hammer": {
    "criteria": {
      "has_gold_ingot": "2024-10-19 23:38:50 +0000"
    },
    "done": true
  },
  "spartanfire:recipes/spartanfire/dragon_bone_dagger": {
    "criteria": {
      "has_dragon_bone": "2024-10-20 00:16:59 +0000"
    },
    "done": true
  },
  "minecraft:recipes/food/cooked_beef_from_campfire_cooking": {
    "criteria": {
      "has_beef": "2024-10-19 23:42:41 +0000"
    },
    "done": true
  },
  "spartanweaponry:recipes/spartanweaponry.basic/golden_warhammer": {
    "criteria": {
      "has_gold_ingot": "2024-10-19 23:38:50 +0000"
    },
    "done": true
  },
  "minecraft:recipes/woodcutting/acacia/acacia_sign_from_acacia_planks_woodcutting": {
    "criteria": {
      "give_recipe": "2024-10-20 00:15:24 +0000"
    },
    "done": true
  },
  "spartanweaponry:recipes/spartanweaponry.basic/wooden_battle_hammer": {
    "criteria": {
      "has_wood": "2024-10-19 23:30:01 +0000"
    },
    "done": true
  },
  "minecraft:recipes/combat/diamond_boots": {
    "criteria": {
      "has_diamond": "2024-10-19 23:38:49 +0000"
    },
    "done": true
  },
  "vampirism:recipes/vampirism/weapontable/crucifix_enhanced": {
    "criteria": {
      "iron": "2024-10-19 23:38:51 +0000"
    },
    "done": true
  },
  "create_dd:recipes/create_dd.palettes/cut_blackstone_brick_stairs_from_stone_types_blackstone_stonecutting": {
    "criteria": {
      "has_stone_types_blackstone": "2024-10-19 23:38:14 +0000"
    },
    "done": true
  },
  "minecraft:recipes/decorations/soul_campfire": {
    "criteria": {
      "has_stick": "2024-10-19 23:37:23 +0000"
    },
    "done": true
  },
  "minecraft:story/smelt_iron": {
    "criteria": {
      "iron": "2024-10-19 23:38:51 +0000"
    },
    "done": true
  },
  "spartanweaponry:recipes/spartanweaponry.basic/stone_javelin": {
    "criteria": {
      "has_cobblestone": "2024-10-19 23:37:36 +0000"
    },
    "done": true
  },
  "minecraft:recipes/woodcutting/acacia/acacia_slab_from_acacia_planks_woodcutting": {
    "criteria": {
      "give_recipe": "2024-10-20 00:15:24 +0000"
    },
    "done": true
  },
  "minecraft:recipes/decorations/light_gray_bed_from_white_bed": {
    "criteria": {
      "has_bed": "2024-10-20 00:10:08 +0000"
    },
    "done": true
  },
  "spartanweaponry:recipes/spartanweaponry.basic/wooden_halberd": {
    "criteria": {
      "has_wood": "2024-10-19 23:30:01 +0000"
    },
    "done": true
  },
  "spartanweaponry:recipes/spartanweaponry.basic/stone_tomahawk": {
    "criteria": {
      "has_cobblestone": "2024-10-19 23:37:36 +0000"
    },
    "done": true
  },
  "DataVersion": 3120
}